Description	Iteration	Algorithm	InstanceID	ActualClass	PredictedClass	0	1
analcatdata_aids	1	/AlgorithmScripts/Classification/arff/weka/HoeffdingTree	0	1	0	0.782	0.218
analcatdata_aids	1	/AlgorithmScripts/Classification/arff/weka/HoeffdingTree	14	1	0	0.755	0.245
analcatdata_aids	1	/AlgorithmScripts/Classification/arff/weka/HoeffdingTree	2	1	1	0	1
analcatdata_aids	1	/AlgorithmScripts/Classification/arff/weka/HoeffdingTree	20	1	0	0.768	0.232
analcatdata_aids	1	/AlgorithmScripts/Classification/arff/weka/HoeffdingTree	24	1	0	0.768	0.232
analcatdata_aids	1	/AlgorithmScripts/Classification/arff/weka/HoeffdingTree	27	0	0	0.736	0.264
analcatdata_aids	1	/AlgorithmScripts/Classification/arff/weka/HoeffdingTree	28	0	0	0.783	0.217
analcatdata_aids	1	/AlgorithmScripts/Classification/arff/weka/HoeffdingTree	29	0	0	0.783	0.217
analcatdata_aids	1	/AlgorithmScripts/Classification/arff/weka/HoeffdingTree	33	0	0	0.999	0.001
analcatdata_aids	1	/AlgorithmScripts/Classification/arff/weka/HoeffdingTree	37	0	0	0.744	0.256
analcatdata_aids	1	/AlgorithmScripts/Classification/arff/weka/HoeffdingTree	39	0	0	0.779	0.221
analcatdata_aids	1	/AlgorithmScripts/Classification/arff/weka/HoeffdingTree	40	0	1	0.205	0.795
analcatdata_aids	1	/AlgorithmScripts/Classification/arff/weka/HoeffdingTree	43	0	1	0.205	0.795
analcatdata_aids	1	/AlgorithmScripts/Classification/arff/weka/HoeffdingTree	44	0	1	0.205	0.795
analcatdata_aids	1	/AlgorithmScripts/Classification/arff/weka/HoeffdingTree	5	1	0	0.999	0.001
analcatdata_aids	1	/AlgorithmScripts/Classification/arff/weka/HoeffdingTree	7	1	1	0	1
analcatdata_aids	1	/AlgorithmScripts/Classification/arff/weka/HoeffdingTree	8	1	1	0.035	0.965
analcatdata_aids	1	/AlgorithmScripts/Classification/arff/weka/HoeffdingTree	9	1	0	0.997	0.003
analcatdata_aids	1	/AlgorithmScripts/Classification/arff/weka/MultilayerPerceptron	0	1	0	0.732	0.268
analcatdata_aids	1	/AlgorithmScripts/Classification/arff/weka/MultilayerPerceptron	14	1	0	0.65	0.35
analcatdata_aids	1	/AlgorithmScripts/Classification/arff/weka/MultilayerPerceptron	2	1	1	0.006	0.994
analcatdata_aids	1	/AlgorithmScripts/Classification/arff/weka/MultilayerPerceptron	20	1	0	0.79	0.21
analcatdata_aids	1	/AlgorithmScripts/Classification/arff/weka/MultilayerPerceptron	24	1	0	0.789	0.211
analcatdata_aids	1	/AlgorithmScripts/Classification/arff/weka/MultilayerPerceptron	27	0	0	0.614	0.386
analcatdata_aids	1	/AlgorithmScripts/Classification/arff/weka/MultilayerPerceptron	28	0	0	0.744	0.256
analcatdata_aids	1	/AlgorithmScripts/Classification/arff/weka/MultilayerPerceptron	29	0	0	0.753	0.247
analcatdata_aids	1	/AlgorithmScripts/Classification/arff/weka/MultilayerPerceptron	33	0	0	0.859	0.141
analcatdata_aids	1	/AlgorithmScripts/Classification/arff/weka/MultilayerPerceptron	37	0	0	0.626	0.374
analcatdata_aids	1	/AlgorithmScripts/Classification/arff/weka/MultilayerPerceptron	39	0	0	0.773	0.227
analcatdata_aids	1	/AlgorithmScripts/Classification/arff/weka/MultilayerPerceptron	40	0	1	0.298	0.702
analcatdata_aids	1	/AlgorithmScripts/Classification/arff/weka/MultilayerPerceptron	43	0	1	0.297	0.703
analcatdata_aids	1	/AlgorithmScripts/Classification/arff/weka/MultilayerPerceptron	44	0	1	0.297	0.703
analcatdata_aids	1	/AlgorithmScripts/Classification/arff/weka/MultilayerPerceptron	5	1	0	0.861	0.139
analcatdata_aids	1	/AlgorithmScripts/Classification/arff/weka/MultilayerPerceptron	7	1	1	0.007	0.993
analcatdata_aids	1	/AlgorithmScripts/Classification/arff/weka/MultilayerPerceptron	8	1	0	0.673	0.327
analcatdata_aids	1	/AlgorithmScripts/Classification/arff/weka/MultilayerPerceptron	9	1	0	0.855	0.145
analcatdata_aids	1	/AlgorithmScripts/Classification/arff/weka/SimpleLogistic	0	1	0	0.619	0.381
analcatdata_aids	1	/AlgorithmScripts/Classification/arff/weka/SimpleLogistic	14	1	0	0.559	0.441
analcatdata_aids	1	/AlgorithmScripts/Classification/arff/weka/SimpleLogistic	2	1	1	0	1
analcatdata_aids	1	/AlgorithmScripts/Classification/arff/weka/SimpleLogistic	20	1	0	0.685	0.315
analcatdata_aids	1	/AlgorithmScripts/Classification/arff/weka/SimpleLogistic	24	1	0	0.684	0.316
analcatdata_aids	1	/AlgorithmScripts/Classification/arff/weka/SimpleLogistic	27	0	0	0.539	0.461
analcatdata_aids	1	/AlgorithmScripts/Classification/arff/weka/SimpleLogistic	28	0	0	0.63	0.37
analcatdata_aids	1	/AlgorithmScripts/Classification/arff/weka/SimpleLogistic	29	0	0	0.639	0.361
analcatdata_aids	1	/AlgorithmScripts/Classification/arff/weka/SimpleLogistic	33	0	0	0.891	0.109
analcatdata_aids	1	/AlgorithmScripts/Classification/arff/weka/SimpleLogistic	37	0	0	0.546	0.454
analcatdata_aids	1	/AlgorithmScripts/Classification/arff/weka/SimpleLogistic	39	0	0	0.663	0.337
analcatdata_aids	1	/AlgorithmScripts/Classification/arff/weka/SimpleLogistic	40	0	1	0.38	0.62
analcatdata_aids	1	/AlgorithmScripts/Classification/arff/weka/SimpleLogistic	43	0	1	0.379	0.621
analcatdata_aids	1	/AlgorithmScripts/Classification/arff/weka/SimpleLogistic	44	0	1	0.379	0.621
analcatdata_aids	1	/AlgorithmScripts/Classification/arff/weka/SimpleLogistic	5	1	0	0.923	0.077
analcatdata_aids	1	/AlgorithmScripts/Classification/arff/weka/SimpleLogistic	7	1	1	0.039	0.961
analcatdata_aids	1	/AlgorithmScripts/Classification/arff/weka/SimpleLogistic	8	1	0	0.502	0.498
analcatdata_aids	1	/AlgorithmScripts/Classification/arff/weka/SimpleLogistic	9	1	0	0.832	0.168
analcatdata_aids	1	/AlgorithmScripts/Classification/tsv/keras/dnn	0	1	0	0.5003621	0.49963784
analcatdata_aids	1	/AlgorithmScripts/Classification/tsv/keras/dnn	14	1	1	0.4614922	0.53850776
analcatdata_aids	1	/AlgorithmScripts/Classification/tsv/keras/dnn	2	1	1	0.005963341	0.9940367
analcatdata_aids	1	/AlgorithmScripts/Classification/tsv/keras/dnn	20	1	0	0.54395247	0.45604745
analcatdata_aids	1	/AlgorithmScripts/Classification/tsv/keras/dnn	24	1	0	0.5435866	0.45641336
analcatdata_aids	1	/AlgorithmScripts/Classification/tsv/keras/dnn	27	0	1	0.44821244	0.5517875
analcatdata_aids	1	/AlgorithmScripts/Classification/tsv/keras/dnn	28	0	0	0.50753146	0.4924686
analcatdata_aids	1	/AlgorithmScripts/Classification/tsv/keras/dnn	29	0	0	0.5138763	0.48612368
analcatdata_aids	1	/AlgorithmScripts/Classification/tsv/keras/dnn	33	0	0	0.59805244	0.40194756
analcatdata_aids	1	/AlgorithmScripts/Classification/tsv/keras/dnn	37	0	1	0.45246205	0.5475379
analcatdata_aids	1	/AlgorithmScripts/Classification/tsv/keras/dnn	39	0	0	0.52901113	0.47098884
analcatdata_aids	1	/AlgorithmScripts/Classification/tsv/keras/dnn	40	0	1	0.33260003	0.66739994
analcatdata_aids	1	/AlgorithmScripts/Classification/tsv/keras/dnn	43	0	1	0.33175662	0.6682433
analcatdata_aids	1	/AlgorithmScripts/Classification/tsv/keras/dnn	44	0	1	0.33194402	0.668056
analcatdata_aids	1	/AlgorithmScripts/Classification/tsv/keras/dnn	5	1	0	0.6577692	0.3422308
analcatdata_aids	1	/AlgorithmScripts/Classification/tsv/keras/dnn	7	1	1	0.045583755	0.9544163
analcatdata_aids	1	/AlgorithmScripts/Classification/tsv/keras/dnn	8	1	1	0.24679692	0.7532031
analcatdata_aids	1	/AlgorithmScripts/Classification/tsv/keras/dnn	9	1	0	0.5054803	0.49451974
analcatdata_aids	1	/AlgorithmScripts/Classification/tsv/mlr/h2o.randomForest	0	1	0	0.846666666865349	0.153333333134651
analcatdata_aids	1	/AlgorithmScripts/Classification/tsv/mlr/h2o.randomForest	14	1	0	0.86	0.14
analcatdata_aids	1	/AlgorithmScripts/Classification/tsv/mlr/h2o.randomForest	2	1	1	0.120000000596046	0.879999999403954
analcatdata_aids	1	/AlgorithmScripts/Classification/tsv/mlr/h2o.randomForest	20	1	0	0.896666666865349	0.103333333134651
analcatdata_aids	1	/AlgorithmScripts/Classification/tsv/mlr/h2o.randomForest	24	1	0	0.896666666865349	0.103333333134651
analcatdata_aids	1	/AlgorithmScripts/Classification/tsv/mlr/h2o.randomForest	27	0	0	0.940000000596046	0.0599999994039535
analcatdata_aids	1	/AlgorithmScripts/Classification/tsv/mlr/h2o.randomForest	28	0	0	0.846666666865349	0.153333333134651
analcatdata_aids	1	/AlgorithmScripts/Classification/tsv/mlr/h2o.randomForest	29	0	0	0.780000000596046	0.219999999403954
analcatdata_aids	1	/AlgorithmScripts/Classification/tsv/mlr/h2o.randomForest	33	0	0	0.800000001192093	0.199999998807907
analcatdata_aids	1	/AlgorithmScripts/Classification/tsv/mlr/h2o.randomForest	37	0	0	0.84	0.16
analcatdata_aids	1	/AlgorithmScripts/Classification/tsv/mlr/h2o.randomForest	39	0	0	0.68	0.32
analcatdata_aids	1	/AlgorithmScripts/Classification/tsv/mlr/h2o.randomForest	40	0	0	0.534761905670166	0.465238094329834
analcatdata_aids	1	/AlgorithmScripts/Classification/tsv/mlr/h2o.randomForest	43	0	1	0.494761905670166	0.505238094329834
analcatdata_aids	1	/AlgorithmScripts/Classification/tsv/mlr/h2o.randomForest	44	0	0	0.534761905670166	0.465238094329834
analcatdata_aids	1	/AlgorithmScripts/Classification/tsv/mlr/h2o.randomForest	5	1	0	0.800000001192093	0.199999998807907
analcatdata_aids	1	/AlgorithmScripts/Classification/tsv/mlr/h2o.randomForest	7	1	1	0.300000001192093	0.699999998807907
analcatdata_aids	1	/AlgorithmScripts/Classification/tsv/mlr/h2o.randomForest	8	1	1	0.260000001192093	0.739999998807907
analcatdata_aids	1	/AlgorithmScripts/Classification/tsv/mlr/h2o.randomForest	9	1	0	0.940000001192093	0.0599999988079071
analcatdata_aids	1	/AlgorithmScripts/Classification/tsv/mlr/mlp	0	1	0	0.675934970378876	0.32404100894928
analcatdata_aids	1	/AlgorithmScripts/Classification/tsv/mlr/mlp	14	1	0	0.586593627929688	0.41331559419632
analcatdata_aids	1	/AlgorithmScripts/Classification/tsv/mlr/mlp	2	1	1	0.0204944349825382	0.979151129722595
analcatdata_aids	1	/AlgorithmScripts/Classification/tsv/mlr/mlp	20	1	0	0.763496160507202	0.236596554517746
analcatdata_aids	1	/AlgorithmScripts/Classification/tsv/mlr/mlp	24	1	0	0.762834310531616	0.237257316708565
analcatdata_aids	1	/AlgorithmScripts/Classification/tsv/mlr/mlp	27	0	0	0.554691553115845	0.445206612348557
analcatdata_aids	1	/AlgorithmScripts/Classification/tsv/mlr/mlp	28	0	0	0.691406786441803	0.308586239814758
analcatdata_aids	1	/AlgorithmScripts/Classification/tsv/mlr/mlp	29	0	0	0.704829633235931	0.295179337263107
analcatdata_aids	1	/AlgorithmScripts/Classification/tsv/mlr/mlp	33	0	0	0.928659915924072	0.0712565779685974
analcatdata_aids	1	/AlgorithmScripts/Classification/tsv/mlr/mlp	37	0	0	0.564941048622131	0.434959948062897
analcatdata_aids	1	/AlgorithmScripts/Classification/tsv/mlr/mlp	39	0	0	0.735512971878052	0.26453709602356
analcatdata_aids	1	/AlgorithmScripts/Classification/tsv/mlr/mlp	40	0	1	0.293825954198837	0.706156253814697
analcatdata_aids	1	/AlgorithmScripts/Classification/tsv/mlr/mlp	43	0	1	0.291593760251999	0.708399713039398
analcatdata_aids	1	/AlgorithmScripts/Classification/tsv/mlr/mlp	44	0	1	0.292088598012924	0.707902371883392
analcatdata_aids	1	/AlgorithmScripts/Classification/tsv/mlr/mlp	5	1	0	0.944746613502502	0.0553055331110954
analcatdata_aids	1	/AlgorithmScripts/Classification/tsv/mlr/mlp	7	1	1	0.0320969000458717	0.967654526233673
analcatdata_aids	1	/AlgorithmScripts/Classification/tsv/mlr/mlp	8	1	1	0.469085454940796	0.530148565769196
analcatdata_aids	1	/AlgorithmScripts/Classification/tsv/mlr/mlp	9	1	0	0.890827894210815	0.10885289311409
analcatdata_aids	1	/AlgorithmScripts/Classification/tsv/mlr/xgboost	0	1	0	0.632754653692245	0.367245346307755
analcatdata_aids	1	/AlgorithmScripts/Classification/tsv/mlr/xgboost	14	1	0	0.632754653692245	0.367245346307755
analcatdata_aids	1	/AlgorithmScripts/Classification/tsv/mlr/xgboost	2	1	1	0.340373456478119	0.659626543521881
analcatdata_aids	1	/AlgorithmScripts/Classification/tsv/mlr/xgboost	20	1	0	0.632754653692245	0.367245346307755
analcatdata_aids	1	/AlgorithmScripts/Classification/tsv/mlr/xgboost	24	1	0	0.632754653692245	0.367245346307755
analcatdata_aids	1	/AlgorithmScripts/Classification/tsv/mlr/xgboost	27	0	0	0.632754653692245	0.367245346307755
analcatdata_aids	1	/AlgorithmScripts/Classification/tsv/mlr/xgboost	28	0	0	0.632754653692245	0.367245346307755
analcatdata_aids	1	/AlgorithmScripts/Classification/tsv/mlr/xgboost	29	0	0	0.632754653692245	0.367245346307755
analcatdata_aids	1	/AlgorithmScripts/Classification/tsv/mlr/xgboost	33	0	0	0.632754653692245	0.367245346307755
analcatdata_aids	1	/AlgorithmScripts/Classification/tsv/mlr/xgboost	37	0	0	0.632754653692245	0.367245346307755
analcatdata_aids	1	/AlgorithmScripts/Classification/tsv/mlr/xgboost	39	0	1	0.386540770530701	0.613459229469299
analcatdata_aids	1	/AlgorithmScripts/Classification/tsv/mlr/xgboost	40	0	0	0.632754653692245	0.367245346307755
analcatdata_aids	1	/AlgorithmScripts/Classification/tsv/mlr/xgboost	43	0	0	0.632754653692245	0.367245346307755
analcatdata_aids	1	/AlgorithmScripts/Classification/tsv/mlr/xgboost	44	0	0	0.632754653692245	0.367245346307755
analcatdata_aids	1	/AlgorithmScripts/Classification/tsv/mlr/xgboost	5	1	0	0.632754653692245	0.367245346307755
analcatdata_aids	1	/AlgorithmScripts/Classification/tsv/mlr/xgboost	7	1	1	0.340373456478119	0.659626543521881
analcatdata_aids	1	/AlgorithmScripts/Classification/tsv/mlr/xgboost	8	1	1	0.340373456478119	0.659626543521881
analcatdata_aids	1	/AlgorithmScripts/Classification/tsv/mlr/xgboost	9	1	0	0.632754653692245	0.367245346307755
analcatdata_aids	1	/AlgorithmScripts/Classification/tsv/sklearn/decision_tree	0	1	0	1.000000000	0.000000000
analcatdata_aids	1	/AlgorithmScripts/Classification/tsv/sklearn/decision_tree	14	1	0	1.000000000	0.000000000
analcatdata_aids	1	/AlgorithmScripts/Classification/tsv/sklearn/decision_tree	2	1	1	0.000000000	1.000000000
analcatdata_aids	1	/AlgorithmScripts/Classification/tsv/sklearn/decision_tree	20	1	1	0.000000000	1.000000000
analcatdata_aids	1	/AlgorithmScripts/Classification/tsv/sklearn/decision_tree	24	1	0	1.000000000	0.000000000
analcatdata_aids	1	/AlgorithmScripts/Classification/tsv/sklearn/decision_tree	27	0	0	1.000000000	0.000000000
analcatdata_aids	1	/AlgorithmScripts/Classification/tsv/sklearn/decision_tree	28	0	0	1.000000000	0.000000000
analcatdata_aids	1	/AlgorithmScripts/Classification/tsv/sklearn/decision_tree	29	0	0	1.000000000	0.000000000
analcatdata_aids	1	/AlgorithmScripts/Classification/tsv/sklearn/decision_tree	33	0	0	1.000000000	0.000000000
analcatdata_aids	1	/AlgorithmScripts/Classification/tsv/sklearn/decision_tree	37	0	0	1.000000000	0.000000000
analcatdata_aids	1	/AlgorithmScripts/Classification/tsv/sklearn/decision_tree	39	0	0	1.000000000	0.000000000
analcatdata_aids	1	/AlgorithmScripts/Classification/tsv/sklearn/decision_tree	40	0	0	1.000000000	0.000000000
analcatdata_aids	1	/AlgorithmScripts/Classification/tsv/sklearn/decision_tree	43	0	0	1.000000000	0.000000000
analcatdata_aids	1	/AlgorithmScripts/Classification/tsv/sklearn/decision_tree	44	0	0	1.000000000	0.000000000
analcatdata_aids	1	/AlgorithmScripts/Classification/tsv/sklearn/decision_tree	5	1	0	1.000000000	0.000000000
analcatdata_aids	1	/AlgorithmScripts/Classification/tsv/sklearn/decision_tree	7	1	1	0.000000000	1.000000000
analcatdata_aids	1	/AlgorithmScripts/Classification/tsv/sklearn/decision_tree	8	1	1	0.000000000	1.000000000
analcatdata_aids	1	/AlgorithmScripts/Classification/tsv/sklearn/decision_tree	9	1	0	1.000000000	0.000000000
analcatdata_aids	1	/AlgorithmScripts/Classification/tsv/sklearn/logistic_regression	0	1	0	0.587693455	0.412306545
analcatdata_aids	1	/AlgorithmScripts/Classification/tsv/sklearn/logistic_regression	14	1	0	0.536545005	0.463454995
analcatdata_aids	1	/AlgorithmScripts/Classification/tsv/sklearn/logistic_regression	2	1	1	0.000565902	0.999434098
analcatdata_aids	1	/AlgorithmScripts/Classification/tsv/sklearn/logistic_regression	20	1	0	0.646269304	0.353730696
analcatdata_aids	1	/AlgorithmScripts/Classification/tsv/sklearn/logistic_regression	24	1	0	0.645775480	0.354224520
analcatdata_aids	1	/AlgorithmScripts/Classification/tsv/sklearn/logistic_regression	27	0	0	0.519349322	0.480650678
analcatdata_aids	1	/AlgorithmScripts/Classification/tsv/sklearn/logistic_regression	28	0	0	0.597244311	0.402755689
analcatdata_aids	1	/AlgorithmScripts/Classification/tsv/sklearn/logistic_regression	29	0	0	0.605761282	0.394238718
analcatdata_aids	1	/AlgorithmScripts/Classification/tsv/sklearn/logistic_regression	33	0	0	0.751233591	0.248766409
analcatdata_aids	1	/AlgorithmScripts/Classification/tsv/sklearn/logistic_regression	37	0	0	0.524835393	0.475164607
analcatdata_aids	1	/AlgorithmScripts/Classification/tsv/sklearn/logistic_regression	39	0	0	0.626190559	0.373809441
analcatdata_aids	1	/AlgorithmScripts/Classification/tsv/sklearn/logistic_regression	40	0	1	0.425100513	0.574899487
analcatdata_aids	1	/AlgorithmScripts/Classification/tsv/sklearn/logistic_regression	43	0	1	0.423589918	0.576410082
analcatdata_aids	1	/AlgorithmScripts/Classification/tsv/sklearn/logistic_regression	44	0	1	0.423925483	0.576074517
analcatdata_aids	1	/AlgorithmScripts/Classification/tsv/sklearn/logistic_regression	5	1	0	0.806749535	0.193250465
analcatdata_aids	1	/AlgorithmScripts/Classification/tsv/sklearn/logistic_regression	7	1	1	0.032018584	0.967981416
analcatdata_aids	1	/AlgorithmScripts/Classification/tsv/sklearn/logistic_regression	8	1	1	0.337994073	0.662005927
analcatdata_aids	1	/AlgorithmScripts/Classification/tsv/sklearn/logistic_regression	9	1	0	0.662660128	0.337339872
analcatdata_aids	1	/AlgorithmScripts/Classification/tsv/sklearn/svm	0	1	0	0.694420835	0.305579165
analcatdata_aids	1	/AlgorithmScripts/Classification/tsv/sklearn/svm	14	1	0	0.664517643	0.335482357
analcatdata_aids	1	/AlgorithmScripts/Classification/tsv/sklearn/svm	2	1	1	0.269424710	0.730575290
analcatdata_aids	1	/AlgorithmScripts/Classification/tsv/sklearn/svm	20	1	0	0.700677860	0.299322140
analcatdata_aids	1	/AlgorithmScripts/Classification/tsv/sklearn/svm	24	1	0	0.700735878	0.299264122
analcatdata_aids	1	/AlgorithmScripts/Classification/tsv/sklearn/svm	27	0	0	0.651794725	0.348205275
analcatdata_aids	1	/AlgorithmScripts/Classification/tsv/sklearn/svm	28	0	0	0.697219842	0.302780158
analcatdata_aids	1	/AlgorithmScripts/Classification/tsv/sklearn/svm	29	0	0	0.699136677	0.300863323
analcatdata_aids	1	/AlgorithmScripts/Classification/tsv/sklearn/svm	33	0	0	0.730609590	0.269390410
analcatdata_aids	1	/AlgorithmScripts/Classification/tsv/sklearn/svm	37	0	0	0.656096016	0.343903984
analcatdata_aids	1	/AlgorithmScripts/Classification/tsv/sklearn/svm	39	0	0	0.701493765	0.298506235
analcatdata_aids	1	/AlgorithmScripts/Classification/tsv/sklearn/svm	40	0	1	0.203769079	0.796230921
analcatdata_aids	1	/AlgorithmScripts/Classification/tsv/sklearn/svm	43	0	1	0.203743685	0.796256315
analcatdata_aids	1	/AlgorithmScripts/Classification/tsv/sklearn/svm	44	0	1	0.203749293	0.796250707
analcatdata_aids	1	/AlgorithmScripts/Classification/tsv/sklearn/svm	5	1	0	0.724129805	0.275870195
analcatdata_aids	1	/AlgorithmScripts/Classification/tsv/sklearn/svm	7	1	1	0.197574894	0.802425106
analcatdata_aids	1	/AlgorithmScripts/Classification/tsv/sklearn/svm	8	1	1	0.296117117	0.703882883
analcatdata_aids	1	/AlgorithmScripts/Classification/tsv/sklearn/svm	9	1	0	0.685362502	0.314637498
analcatdata_aids	2	/AlgorithmScripts/Classification/arff/weka/HoeffdingTree	10	1	0	0.827	0.173
analcatdata_aids	2	/AlgorithmScripts/Classification/arff/weka/HoeffdingTree	11	1	1	0	1
analcatdata_aids	2	/AlgorithmScripts/Classification/arff/weka/HoeffdingTree	19	1	0	0.886	0.114
analcatdata_aids	2	/AlgorithmScripts/Classification/arff/weka/HoeffdingTree	21	1	0	0.854	0.146
analcatdata_aids	2	/AlgorithmScripts/Classification/arff/weka/HoeffdingTree	23	1	0	0.883	0.117
analcatdata_aids	2	/AlgorithmScripts/Classification/arff/weka/HoeffdingTree	24	1	0	0.883	0.117
analcatdata_aids	2	/AlgorithmScripts/Classification/arff/weka/HoeffdingTree	28	0	0	0.881	0.119
analcatdata_aids	2	/AlgorithmScripts/Classification/arff/weka/HoeffdingTree	30	0	0	0.826	0.174
analcatdata_aids	2	/AlgorithmScripts/Classification/arff/weka/HoeffdingTree	31	0	1	0.248	0.752
analcatdata_aids	2	/AlgorithmScripts/Classification/arff/weka/HoeffdingTree	34	0	0	0.895	0.105
analcatdata_aids	2	/AlgorithmScripts/Classification/arff/weka/HoeffdingTree	35	0	0	0.815	0.185
analcatdata_aids	2	/AlgorithmScripts/Classification/arff/weka/HoeffdingTree	38	0	0	0.895	0.105
analcatdata_aids	2	/AlgorithmScripts/Classification/arff/weka/HoeffdingTree	41	0	0	0.848	0.152
analcatdata_aids	2	/AlgorithmScripts/Classification/arff/weka/HoeffdingTree	44	0	0	0.882	0.118
analcatdata_aids	2	/AlgorithmScripts/Classification/arff/weka/HoeffdingTree	45	0	0	0.809	0.191
analcatdata_aids	2	/AlgorithmScripts/Classification/arff/weka/HoeffdingTree	6	1	1	0	1
analcatdata_aids	2	/AlgorithmScripts/Classification/arff/weka/HoeffdingTree	7	1	1	0	1
analcatdata_aids	2	/AlgorithmScripts/Classification/arff/weka/HoeffdingTree	9	1	0	0.582	0.418
analcatdata_aids	2	/AlgorithmScripts/Classification/arff/weka/MultilayerPerceptron	10	1	0	0.634	0.366
analcatdata_aids	2	/AlgorithmScripts/Classification/arff/weka/MultilayerPerceptron	11	1	1	0.229	0.771
analcatdata_aids	2	/AlgorithmScripts/Classification/arff/weka/MultilayerPerceptron	19	1	0	0.637	0.363
analcatdata_aids	2	/AlgorithmScripts/Classification/arff/weka/MultilayerPerceptron	21	1	0	0.637	0.363
analcatdata_aids	2	/AlgorithmScripts/Classification/arff/weka/MultilayerPerceptron	23	1	0	0.638	0.362
analcatdata_aids	2	/AlgorithmScripts/Classification/arff/weka/MultilayerPerceptron	24	1	0	0.638	0.362
analcatdata_aids	2	/AlgorithmScripts/Classification/arff/weka/MultilayerPerceptron	28	0	0	0.631	0.369
analcatdata_aids	2	/AlgorithmScripts/Classification/arff/weka/MultilayerPerceptron	30	0	0	0.634	0.366
analcatdata_aids	2	/AlgorithmScripts/Classification/arff/weka/MultilayerPerceptron	31	0	0	0.52	0.48
analcatdata_aids	2	/AlgorithmScripts/Classification/arff/weka/MultilayerPerceptron	34	0	0	0.629	0.371
analcatdata_aids	2	/AlgorithmScripts/Classification/arff/weka/MultilayerPerceptron	35	0	0	0.637	0.363
analcatdata_aids	2	/AlgorithmScripts/Classification/arff/weka/MultilayerPerceptron	38	0	0	0.632	0.368
analcatdata_aids	2	/AlgorithmScripts/Classification/arff/weka/MultilayerPerceptron	41	0	0	0.638	0.362
analcatdata_aids	2	/AlgorithmScripts/Classification/arff/weka/MultilayerPerceptron	44	0	0	0.638	0.362
analcatdata_aids	2	/AlgorithmScripts/Classification/arff/weka/MultilayerPerceptron	45	0	0	0.638	0.362
analcatdata_aids	2	/AlgorithmScripts/Classification/arff/weka/MultilayerPerceptron	6	1	1	0.022	0.978
analcatdata_aids	2	/AlgorithmScripts/Classification/arff/weka/MultilayerPerceptron	7	1	1	0.012	0.988
analcatdata_aids	2	/AlgorithmScripts/Classification/arff/weka/MultilayerPerceptron	9	1	0	0.56	0.44
analcatdata_aids	2	/AlgorithmScripts/Classification/arff/weka/SimpleLogistic	10	1	0	0.589	0.411
analcatdata_aids	2	/AlgorithmScripts/Classification/arff/weka/SimpleLogistic	11	1	1	0.385	0.615
analcatdata_aids	2	/AlgorithmScripts/Classification/arff/weka/SimpleLogistic	19	1	0	0.6	0.4
analcatdata_aids	2	/AlgorithmScripts/Classification/arff/weka/SimpleLogistic	21	1	0	0.599	0.401
analcatdata_aids	2	/AlgorithmScripts/Classification/arff/weka/SimpleLogistic	23	1	0	0.601	0.399
analcatdata_aids	2	/AlgorithmScripts/Classification/arff/weka/SimpleLogistic	24	1	0	0.602	0.398
analcatdata_aids	2	/AlgorithmScripts/Classification/arff/weka/SimpleLogistic	28	0	0	0.58	0.42
analcatdata_aids	2	/AlgorithmScripts/Classification/arff/weka/SimpleLogistic	30	0	0	0.587	0.413
analcatdata_aids	2	/AlgorithmScripts/Classification/arff/weka/SimpleLogistic	31	0	1	0.473	0.527
analcatdata_aids	2	/AlgorithmScripts/Classification/arff/weka/SimpleLogistic	34	0	0	0.576	0.424
analcatdata_aids	2	/AlgorithmScripts/Classification/arff/weka/SimpleLogistic	35	0	0	0.598	0.402
analcatdata_aids	2	/AlgorithmScripts/Classification/arff/weka/SimpleLogistic	38	0	0	0.583	0.417
analcatdata_aids	2	/AlgorithmScripts/Classification/arff/weka/SimpleLogistic	41	0	0	0.602	0.398
analcatdata_aids	2	/AlgorithmScripts/Classification/arff/weka/SimpleLogistic	44	0	0	0.602	0.398
analcatdata_aids	2	/AlgorithmScripts/Classification/arff/weka/SimpleLogistic	45	0	0	0.603	0.397
analcatdata_aids	2	/AlgorithmScripts/Classification/arff/weka/SimpleLogistic	6	1	1	0.26	0.74
analcatdata_aids	2	/AlgorithmScripts/Classification/arff/weka/SimpleLogistic	7	1	1	0.142	0.858
analcatdata_aids	2	/AlgorithmScripts/Classification/arff/weka/SimpleLogistic	9	1	1	0.495	0.505
analcatdata_aids	2	/AlgorithmScripts/Classification/tsv/keras/dnn	10	1	1	0.49273875	0.5072613
analcatdata_aids	2	/AlgorithmScripts/Classification/tsv/keras/dnn	11	1	1	0.34212062	0.65787935
analcatdata_aids	2	/AlgorithmScripts/Classification/tsv/keras/dnn	19	1	1	0.47683635	0.5231637
analcatdata_aids	2	/AlgorithmScripts/Classification/tsv/keras/dnn	21	1	0	0.5527552	0.44724485
analcatdata_aids	2	/AlgorithmScripts/Classification/tsv/keras/dnn	23	1	0	0.6003415	0.39965847
analcatdata_aids	2	/AlgorithmScripts/Classification/tsv/keras/dnn	24	1	0	0.6049122	0.39508784
analcatdata_aids	2	/AlgorithmScripts/Classification/tsv/keras/dnn	28	0	0	0.6127817	0.38721827
analcatdata_aids	2	/AlgorithmScripts/Classification/tsv/keras/dnn	30	0	0	0.50765467	0.49234533
analcatdata_aids	2	/AlgorithmScripts/Classification/tsv/keras/dnn	31	0	1	0.45599356	0.54400647
analcatdata_aids	2	/AlgorithmScripts/Classification/tsv/keras/dnn	34	0	0	0.6320611	0.36793882
analcatdata_aids	2	/AlgorithmScripts/Classification/tsv/keras/dnn	35	0	1	0.49310693	0.5068931
analcatdata_aids	2	/AlgorithmScripts/Classification/tsv/keras/dnn	38	0	0	0.5984067	0.40159333
analcatdata_aids	2	/AlgorithmScripts/Classification/tsv/keras/dnn	41	0	1	0.44975352	0.5502465
analcatdata_aids	2	/AlgorithmScripts/Classification/tsv/keras/dnn	44	0	1	0.48135924	0.51864076
analcatdata_aids	2	/AlgorithmScripts/Classification/tsv/keras/dnn	45	0	0	0.518645	0.48135492
analcatdata_aids	2	/AlgorithmScripts/Classification/tsv/keras/dnn	6	1	1	0.13003948	0.8699605
analcatdata_aids	2	/AlgorithmScripts/Classification/tsv/keras/dnn	7	1	1	0.026153855	0.9738461
analcatdata_aids	2	/AlgorithmScripts/Classification/tsv/keras/dnn	9	1	0	0.5095076	0.49049246
analcatdata_aids	2	/AlgorithmScripts/Classification/tsv/mlr/h2o.randomForest	10	1	1	0.46	0.54
analcatdata_aids	2	/AlgorithmScripts/Classification/tsv/mlr/h2o.randomForest	11	1	1	0	1
analcatdata_aids	2	/AlgorithmScripts/Classification/tsv/mlr/h2o.randomForest	19	1	0	0.68	0.32
analcatdata_aids	2	/AlgorithmScripts/Classification/tsv/mlr/h2o.randomForest	21	1	1	0.34	0.66
analcatdata_aids	2	/AlgorithmScripts/Classification/tsv/mlr/h2o.randomForest	23	1	0	1	0
analcatdata_aids	2	/AlgorithmScripts/Classification/tsv/mlr/h2o.randomForest	24	1	1	0.38	0.62
analcatdata_aids	2	/AlgorithmScripts/Classification/tsv/mlr/h2o.randomForest	28	0	1	0.32	0.68
analcatdata_aids	2	/AlgorithmScripts/Classification/tsv/mlr/h2o.randomForest	30	0	0	0.84	0.16
analcatdata_aids	2	/AlgorithmScripts/Classification/tsv/mlr/h2o.randomForest	31	0	1	0.32	0.68
analcatdata_aids	2	/AlgorithmScripts/Classification/tsv/mlr/h2o.randomForest	34	0	1	0.06	0.94
analcatdata_aids	2	/AlgorithmScripts/Classification/tsv/mlr/h2o.randomForest	35	0	0	0.72	0.28
analcatdata_aids	2	/AlgorithmScripts/Classification/tsv/mlr/h2o.randomForest	38	0	0	0.74	0.26
analcatdata_aids	2	/AlgorithmScripts/Classification/tsv/mlr/h2o.randomForest	41	0	0	1	0
analcatdata_aids	2	/AlgorithmScripts/Classification/tsv/mlr/h2o.randomForest	44	0	0	0.72	0.28
analcatdata_aids	2	/AlgorithmScripts/Classification/tsv/mlr/h2o.randomForest	45	0	0	0.84	0.16
analcatdata_aids	2	/AlgorithmScripts/Classification/tsv/mlr/h2o.randomForest	6	1	1	0	1
analcatdata_aids	2	/AlgorithmScripts/Classification/tsv/mlr/h2o.randomForest	7	1	1	0	1
analcatdata_aids	2	/AlgorithmScripts/Classification/tsv/mlr/h2o.randomForest	9	1	1	0.32	0.68
analcatdata_aids	2	/AlgorithmScripts/Classification/tsv/mlr/mlp	10	1	0	0.610953152179718	0.389102667570114
analcatdata_aids	2	/AlgorithmScripts/Classification/tsv/mlr/mlp	11	1	1	0.229933008551598	0.770387828350067
analcatdata_aids	2	/AlgorithmScripts/Classification/tsv/mlr/mlp	19	1	0	0.63198047876358	0.368063569068909
analcatdata_aids	2	/AlgorithmScripts/Classification/tsv/mlr/mlp	21	1	0	0.629521727561951	0.3705233335495
analcatdata_aids	2	/AlgorithmScripts/Classification/tsv/mlr/mlp	23	1	0	0.63416588306427	0.365877389907837
analcatdata_aids	2	/AlgorithmScripts/Classification/tsv/mlr/mlp	24	1	0	0.63586151599884	0.364181250333786
analcatdata_aids	2	/AlgorithmScripts/Classification/tsv/mlr/mlp	28	0	0	0.59535026550293	0.404719054698944
analcatdata_aids	2	/AlgorithmScripts/Classification/tsv/mlr/mlp	30	0	0	0.608473539352417	0.391584157943726
analcatdata_aids	2	/AlgorithmScripts/Classification/tsv/mlr/mlp	31	0	1	0.376206129789352	0.624194025993347
analcatdata_aids	2	/AlgorithmScripts/Classification/tsv/mlr/mlp	34	0	0	0.587632775306702	0.412444651126862
analcatdata_aids	2	/AlgorithmScripts/Classification/tsv/mlr/mlp	35	0	0	0.627592921257019	0.372452944517136
analcatdata_aids	2	/AlgorithmScripts/Classification/tsv/mlr/mlp	38	0	0	0.599508702754974	0.400556683540344
analcatdata_aids	2	/AlgorithmScripts/Classification/tsv/mlr/mlp	41	0	0	0.635217308998108	0.364825636148453
analcatdata_aids	2	/AlgorithmScripts/Classification/tsv/mlr/mlp	44	0	0	0.635732769966125	0.364310055971146
analcatdata_aids	2	/AlgorithmScripts/Classification/tsv/mlr/mlp	45	0	0	0.636688232421875	0.363354295492172
analcatdata_aids	2	/AlgorithmScripts/Classification/tsv/mlr/mlp	6	1	1	0.118382185697556	0.881322085857391
analcatdata_aids	2	/AlgorithmScripts/Classification/tsv/mlr/mlp	7	1	1	0.077648863196373	0.921533286571503
analcatdata_aids	2	/AlgorithmScripts/Classification/tsv/mlr/mlp	9	1	1	0.421375393867493	0.578966796398163
analcatdata_aids	2	/AlgorithmScripts/Classification/tsv/mlr/xgboost	10	1	1	0.446733176708221	0.553266823291779
analcatdata_aids	2	/AlgorithmScripts/Classification/tsv/mlr/xgboost	11	1	1	0.340373456478119	0.659626543521881
analcatdata_aids	2	/AlgorithmScripts/Classification/tsv/mlr/xgboost	19	1	0	0.621759057044983	0.378240942955017
analcatdata_aids	2	/AlgorithmScripts/Classification/tsv/mlr/xgboost	21	1	1	0.446733176708221	0.553266823291779
analcatdata_aids	2	/AlgorithmScripts/Classification/tsv/mlr/xgboost	23	1	0	0.621759057044983	0.378240942955017
analcatdata_aids	2	/AlgorithmScripts/Classification/tsv/mlr/xgboost	24	1	0	0.565542668104172	0.434457331895828
analcatdata_aids	2	/AlgorithmScripts/Classification/tsv/mlr/xgboost	28	0	1	0.446733176708221	0.553266823291779
analcatdata_aids	2	/AlgorithmScripts/Classification/tsv/mlr/xgboost	30	0	1	0.446733176708221	0.553266823291779
analcatdata_aids	2	/AlgorithmScripts/Classification/tsv/mlr/xgboost	31	0	0	0.607950776815414	0.392049223184586
analcatdata_aids	2	/AlgorithmScripts/Classification/tsv/mlr/xgboost	34	0	1	0.446733176708221	0.553266823291779
analcatdata_aids	2	/AlgorithmScripts/Classification/tsv/mlr/xgboost	35	0	1	0.446733176708221	0.553266823291779
analcatdata_aids	2	/AlgorithmScripts/Classification/tsv/mlr/xgboost	38	0	1	0.446733176708221	0.553266823291779
analcatdata_aids	2	/AlgorithmScripts/Classification/tsv/mlr/xgboost	41	0	0	0.621759057044983	0.378240942955017
analcatdata_aids	2	/AlgorithmScripts/Classification/tsv/mlr/xgboost	44	0	0	0.621759057044983	0.378240942955017
analcatdata_aids	2	/AlgorithmScripts/Classification/tsv/mlr/xgboost	45	0	0	0.565542668104172	0.434457331895828
analcatdata_aids	2	/AlgorithmScripts/Classification/tsv/mlr/xgboost	6	1	1	0.340373456478119	0.659626543521881
analcatdata_aids	2	/AlgorithmScripts/Classification/tsv/mlr/xgboost	7	1	1	0.340373456478119	0.659626543521881
analcatdata_aids	2	/AlgorithmScripts/Classification/tsv/mlr/xgboost	9	1	0	0.607950776815414	0.392049223184586
analcatdata_aids	2	/AlgorithmScripts/Classification/tsv/sklearn/decision_tree	10	1	0	1.000000000	0.000000000
analcatdata_aids	2	/AlgorithmScripts/Classification/tsv/sklearn/decision_tree	11	1	1	0.000000000	1.000000000
analcatdata_aids	2	/AlgorithmScripts/Classification/tsv/sklearn/decision_tree	19	1	0	1.000000000	0.000000000
analcatdata_aids	2	/AlgorithmScripts/Classification/tsv/sklearn/decision_tree	21	1	1	0.000000000	1.000000000
analcatdata_aids	2	/AlgorithmScripts/Classification/tsv/sklearn/decision_tree	23	1	0	1.000000000	0.000000000
analcatdata_aids	2	/AlgorithmScripts/Classification/tsv/sklearn/decision_tree	24	1	0	1.000000000	0.000000000
analcatdata_aids	2	/AlgorithmScripts/Classification/tsv/sklearn/decision_tree	28	0	1	0.000000000	1.000000000
analcatdata_aids	2	/AlgorithmScripts/Classification/tsv/sklearn/decision_tree	30	0	0	1.000000000	0.000000000
analcatdata_aids	2	/AlgorithmScripts/Classification/tsv/sklearn/decision_tree	31	0	1	0.000000000	1.000000000
analcatdata_aids	2	/AlgorithmScripts/Classification/tsv/sklearn/decision_tree	34	0	1	0.000000000	1.000000000
analcatdata_aids	2	/AlgorithmScripts/Classification/tsv/sklearn/decision_tree	35	0	0	1.000000000	0.000000000
analcatdata_aids	2	/AlgorithmScripts/Classification/tsv/sklearn/decision_tree	38	0	0	1.000000000	0.000000000
analcatdata_aids	2	/AlgorithmScripts/Classification/tsv/sklearn/decision_tree	41	0	0	1.000000000	0.000000000
analcatdata_aids	2	/AlgorithmScripts/Classification/tsv/sklearn/decision_tree	44	0	0	1.000000000	0.000000000
analcatdata_aids	2	/AlgorithmScripts/Classification/tsv/sklearn/decision_tree	45	0	0	1.000000000	0.000000000
analcatdata_aids	2	/AlgorithmScripts/Classification/tsv/sklearn/decision_tree	6	1	1	0.000000000	1.000000000
analcatdata_aids	2	/AlgorithmScripts/Classification/tsv/sklearn/decision_tree	7	1	1	0.000000000	1.000000000
analcatdata_aids	2	/AlgorithmScripts/Classification/tsv/sklearn/decision_tree	9	1	1	0.000000000	1.000000000
analcatdata_aids	2	/AlgorithmScripts/Classification/tsv/sklearn/logistic_regression	10	1	0	0.596613428	0.403386572
analcatdata_aids	2	/AlgorithmScripts/Classification/tsv/sklearn/logistic_regression	11	1	1	0.242623712	0.757376288
analcatdata_aids	2	/AlgorithmScripts/Classification/tsv/sklearn/logistic_regression	19	1	0	0.617449073	0.382550927
analcatdata_aids	2	/AlgorithmScripts/Classification/tsv/sklearn/logistic_regression	21	1	0	0.614981061	0.385018939
analcatdata_aids	2	/AlgorithmScripts/Classification/tsv/sklearn/logistic_regression	23	1	0	0.619650213	0.380349787
analcatdata_aids	2	/AlgorithmScripts/Classification/tsv/sklearn/logistic_regression	24	1	0	0.621362956	0.378637044
analcatdata_aids	2	/AlgorithmScripts/Classification/tsv/sklearn/logistic_regression	28	0	0	0.581515089	0.418484911
analcatdata_aids	2	/AlgorithmScripts/Classification/tsv/sklearn/logistic_regression	30	0	0	0.594194683	0.405805317
analcatdata_aids	2	/AlgorithmScripts/Classification/tsv/sklearn/logistic_regression	31	0	1	0.384209540	0.615790460
analcatdata_aids	2	/AlgorithmScripts/Classification/tsv/sklearn/logistic_regression	34	0	0	0.574148004	0.425851996
analcatdata_aids	2	/AlgorithmScripts/Classification/tsv/sklearn/logistic_regression	35	0	0	0.613051140	0.386948860
analcatdata_aids	2	/AlgorithmScripts/Classification/tsv/sklearn/logistic_regression	38	0	0	0.585511469	0.414488531
analcatdata_aids	2	/AlgorithmScripts/Classification/tsv/sklearn/logistic_regression	41	0	0	0.620711723	0.379288277
analcatdata_aids	2	/AlgorithmScripts/Classification/tsv/sklearn/logistic_regression	44	0	0	0.621232744	0.378767256
analcatdata_aids	2	/AlgorithmScripts/Classification/tsv/sklearn/logistic_regression	45	0	0	0.622199612	0.377800388
analcatdata_aids	2	/AlgorithmScripts/Classification/tsv/sklearn/logistic_regression	6	1	1	0.099300648	0.900699352
analcatdata_aids	2	/AlgorithmScripts/Classification/tsv/sklearn/logistic_regression	7	1	1	0.026746182	0.973253818
analcatdata_aids	2	/AlgorithmScripts/Classification/tsv/sklearn/logistic_regression	9	1	1	0.424378635	0.575621365
analcatdata_aids	2	/AlgorithmScripts/Classification/tsv/sklearn/svm	10	1	0	0.552050502	0.447949498
analcatdata_aids	2	/AlgorithmScripts/Classification/tsv/sklearn/svm	11	1	1	0.277717126	0.722282874
analcatdata_aids	2	/AlgorithmScripts/Classification/tsv/sklearn/svm	19	1	1	0.221295728	0.778704272
analcatdata_aids	2	/AlgorithmScripts/Classification/tsv/sklearn/svm	21	1	1	0.285904464	0.714095536
analcatdata_aids	2	/AlgorithmScripts/Classification/tsv/sklearn/svm	23	1	1	0.067843832	0.932156168
analcatdata_aids	2	/AlgorithmScripts/Classification/tsv/sklearn/svm	24	1	1	0.067824994	0.932175006
analcatdata_aids	2	/AlgorithmScripts/Classification/tsv/sklearn/svm	28	0	0	0.879455850	0.120544150
analcatdata_aids	2	/AlgorithmScripts/Classification/tsv/sklearn/svm	30	0	0	0.533656475	0.466343525
analcatdata_aids	2	/AlgorithmScripts/Classification/tsv/sklearn/svm	31	0	1	0.285228133	0.714771867
analcatdata_aids	2	/AlgorithmScripts/Classification/tsv/sklearn/svm	34	0	1	0.177558586	0.822441414
analcatdata_aids	2	/AlgorithmScripts/Classification/tsv/sklearn/svm	35	0	0	0.551135034	0.448864966
analcatdata_aids	2	/AlgorithmScripts/Classification/tsv/sklearn/svm	38	0	1	0.073110823	0.926889177
analcatdata_aids	2	/AlgorithmScripts/Classification/tsv/sklearn/svm	41	0	0	0.625057659	0.374942341
analcatdata_aids	2	/AlgorithmScripts/Classification/tsv/sklearn/svm	44	0	1	0.221947636	0.778052364
analcatdata_aids	2	/AlgorithmScripts/Classification/tsv/sklearn/svm	45	0	0	0.558967726	0.441032274
analcatdata_aids	2	/AlgorithmScripts/Classification/tsv/sklearn/svm	6	1	1	0.284010849	0.715989151
analcatdata_aids	2	/AlgorithmScripts/Classification/tsv/sklearn/svm	7	1	1	0.146094770	0.853905230
analcatdata_aids	2	/AlgorithmScripts/Classification/tsv/sklearn/svm	9	1	1	0.168065144	0.831934856
analcatdata_aids	3	/AlgorithmScripts/Classification/arff/weka/HoeffdingTree	1	1	1	0	1
analcatdata_aids	3	/AlgorithmScripts/Classification/arff/weka/HoeffdingTree	14	1	0	0.931	0.069
analcatdata_aids	3	/AlgorithmScripts/Classification/arff/weka/HoeffdingTree	19	1	0	0.965	0.035
analcatdata_aids	3	/AlgorithmScripts/Classification/arff/weka/HoeffdingTree	20	1	0	0.831	0.169
analcatdata_aids	3	/AlgorithmScripts/Classification/arff/weka/HoeffdingTree	22	1	0	0.892	0.108
analcatdata_aids	3	/AlgorithmScripts/Classification/arff/weka/HoeffdingTree	23	1	0	0.926	0.074
analcatdata_aids	3	/AlgorithmScripts/Classification/arff/weka/HoeffdingTree	24	1	0	0.962	0.038
analcatdata_aids	3	/AlgorithmScripts/Classification/arff/weka/HoeffdingTree	25	0	0	0.9	0.1
analcatdata_aids	3	/AlgorithmScripts/Classification/arff/weka/HoeffdingTree	3	1	1	0	1
analcatdata_aids	3	/AlgorithmScripts/Classification/arff/weka/HoeffdingTree	30	0	0	0.875	0.125
analcatdata_aids	3	/AlgorithmScripts/Classification/arff/weka/HoeffdingTree	31	0	1	0	1
analcatdata_aids	3	/AlgorithmScripts/Classification/arff/weka/HoeffdingTree	32	0	1	0	1
analcatdata_aids	3	/AlgorithmScripts/Classification/arff/weka/HoeffdingTree	37	0	0	0.737	0.263
analcatdata_aids	3	/AlgorithmScripts/Classification/arff/weka/HoeffdingTree	41	0	0	0.848	0.152
analcatdata_aids	3	/AlgorithmScripts/Classification/arff/weka/HoeffdingTree	42	0	0	0.883	0.117
analcatdata_aids	3	/AlgorithmScripts/Classification/arff/weka/HoeffdingTree	44	0	0	0.961	0.039
analcatdata_aids	3	/AlgorithmScripts/Classification/arff/weka/HoeffdingTree	47	0	0	0.883	0.117
analcatdata_aids	3	/AlgorithmScripts/Classification/arff/weka/HoeffdingTree	9	1	1	0.01	0.99
analcatdata_aids	3	/AlgorithmScripts/Classification/arff/weka/MultilayerPerceptron	1	1	1	0.006	0.994
analcatdata_aids	3	/AlgorithmScripts/Classification/arff/weka/MultilayerPerceptron	14	1	0	0.641	0.359
analcatdata_aids	3	/AlgorithmScripts/Classification/arff/weka/MultilayerPerceptron	19	1	0	0.699	0.301
analcatdata_aids	3	/AlgorithmScripts/Classification/arff/weka/MultilayerPerceptron	20	1	0	0.7	0.3
analcatdata_aids	3	/AlgorithmScripts/Classification/arff/weka/MultilayerPerceptron	22	1	0	0.697	0.303
analcatdata_aids	3	/AlgorithmScripts/Classification/arff/weka/MultilayerPerceptron	23	1	0	0.699	0.301
analcatdata_aids	3	/AlgorithmScripts/Classification/arff/weka/MultilayerPerceptron	24	1	0	0.7	0.3
analcatdata_aids	3	/AlgorithmScripts/Classification/arff/weka/MultilayerPerceptron	25	0	0	0.697	0.303
analcatdata_aids	3	/AlgorithmScripts/Classification/arff/weka/MultilayerPerceptron	3	1	1	0.006	0.994
analcatdata_aids	3	/AlgorithmScripts/Classification/arff/weka/MultilayerPerceptron	30	0	0	0.688	0.312
analcatdata_aids	3	/AlgorithmScripts/Classification/arff/weka/MultilayerPerceptron	31	0	1	0.324	0.676
analcatdata_aids	3	/AlgorithmScripts/Classification/arff/weka/MultilayerPerceptron	32	0	1	0.141	0.859
analcatdata_aids	3	/AlgorithmScripts/Classification/arff/weka/MultilayerPerceptron	37	0	0	0.631	0.369
analcatdata_aids	3	/AlgorithmScripts/Classification/arff/weka/MultilayerPerceptron	41	0	0	0.7	0.3
analcatdata_aids	3	/AlgorithmScripts/Classification/arff/weka/MultilayerPerceptron	42	0	0	0.7	0.3
analcatdata_aids	3	/AlgorithmScripts/Classification/arff/weka/MultilayerPerceptron	44	0	0	0.7	0.3
analcatdata_aids	3	/AlgorithmScripts/Classification/arff/weka/MultilayerPerceptron	47	0	0	0.7	0.3
analcatdata_aids	3	/AlgorithmScripts/Classification/arff/weka/MultilayerPerceptron	9	1	1	0.445	0.555
analcatdata_aids	3	/AlgorithmScripts/Classification/arff/weka/SimpleLogistic	1	1	1	0.094	0.906
analcatdata_aids	3	/AlgorithmScripts/Classification/arff/weka/SimpleLogistic	14	1	0	0.561	0.439
analcatdata_aids	3	/AlgorithmScripts/Classification/arff/weka/SimpleLogistic	19	1	0	0.614	0.386
analcatdata_aids	3	/AlgorithmScripts/Classification/arff/weka/SimpleLogistic	20	1	0	0.616	0.384
analcatdata_aids	3	/AlgorithmScripts/Classification/arff/weka/SimpleLogistic	22	1	0	0.612	0.388
analcatdata_aids	3	/AlgorithmScripts/Classification/arff/weka/SimpleLogistic	23	1	0	0.615	0.385
analcatdata_aids	3	/AlgorithmScripts/Classification/arff/weka/SimpleLogistic	24	1	0	0.616	0.384
analcatdata_aids	3	/AlgorithmScripts/Classification/arff/weka/SimpleLogistic	25	0	0	0.611	0.389
analcatdata_aids	3	/AlgorithmScripts/Classification/arff/weka/SimpleLogistic	3	1	1	0.197	0.803
analcatdata_aids	3	/AlgorithmScripts/Classification/arff/weka/SimpleLogistic	30	0	0	0.599	0.401
analcatdata_aids	3	/AlgorithmScripts/Classification/arff/weka/SimpleLogistic	31	0	1	0.467	0.533
analcatdata_aids	3	/AlgorithmScripts/Classification/arff/weka/SimpleLogistic	32	0	1	0.425	0.575
analcatdata_aids	3	/AlgorithmScripts/Classification/arff/weka/SimpleLogistic	37	0	0	0.555	0.445
analcatdata_aids	3	/AlgorithmScripts/Classification/arff/weka/SimpleLogistic	41	0	0	0.616	0.384
analcatdata_aids	3	/AlgorithmScripts/Classification/arff/weka/SimpleLogistic	42	0	0	0.615	0.385
analcatdata_aids	3	/AlgorithmScripts/Classification/arff/weka/SimpleLogistic	44	0	0	0.616	0.384
analcatdata_aids	3	/AlgorithmScripts/Classification/arff/weka/SimpleLogistic	47	0	0	0.616	0.384
analcatdata_aids	3	/AlgorithmScripts/Classification/arff/weka/SimpleLogistic	9	1	1	0.493	0.507
analcatdata_aids	3	/AlgorithmScripts/Classification/tsv/keras/dnn	1	1	1	0.014453624	0.98554635
analcatdata_aids	3	/AlgorithmScripts/Classification/tsv/keras/dnn	14	1	1	0.43481335	0.5651867
analcatdata_aids	3	/AlgorithmScripts/Classification/tsv/keras/dnn	19	1	0	0.5046894	0.49531066
analcatdata_aids	3	/AlgorithmScripts/Classification/tsv/keras/dnn	20	1	0	0.50829434	0.4917057
analcatdata_aids	3	/AlgorithmScripts/Classification/tsv/keras/dnn	22	1	0	0.5022026	0.49779746
analcatdata_aids	3	/AlgorithmScripts/Classification/tsv/keras/dnn	23	1	0	0.50652725	0.4934727
analcatdata_aids	3	/AlgorithmScripts/Classification/tsv/keras/dnn	24	1	0	0.507954	0.492046
analcatdata_aids	3	/AlgorithmScripts/Classification/tsv/keras/dnn	25	0	0	0.5010597	0.49894038
analcatdata_aids	3	/AlgorithmScripts/Classification/tsv/keras/dnn	3	1	1	0.056261003	0.943739
analcatdata_aids	3	/AlgorithmScripts/Classification/tsv/keras/dnn	30	0	1	0.48542947	0.51457053
analcatdata_aids	3	/AlgorithmScripts/Classification/tsv/keras/dnn	31	0	1	0.31026712	0.6897329
analcatdata_aids	3	/AlgorithmScripts/Classification/tsv/keras/dnn	32	0	1	0.25814706	0.74185294
analcatdata_aids	3	/AlgorithmScripts/Classification/tsv/keras/dnn	37	0	1	0.426965	0.573035
analcatdata_aids	3	/AlgorithmScripts/Classification/tsv/keras/dnn	41	0	0	0.50741184	0.49258807
analcatdata_aids	3	/AlgorithmScripts/Classification/tsv/keras/dnn	42	0	0	0.50705516	0.49294478
analcatdata_aids	3	/AlgorithmScripts/Classification/tsv/keras/dnn	44	0	0	0.5078456	0.4921544
analcatdata_aids	3	/AlgorithmScripts/Classification/tsv/keras/dnn	47	0	0	0.5075048	0.49249515
analcatdata_aids	3	/AlgorithmScripts/Classification/tsv/keras/dnn	9	1	1	0.34420907	0.65579087
analcatdata_aids	3	/AlgorithmScripts/Classification/tsv/mlr/h2o.randomForest	1	1	1	0.0753333342075348	0.924666665792465
analcatdata_aids	3	/AlgorithmScripts/Classification/tsv/mlr/h2o.randomForest	14	1	0	1	0
analcatdata_aids	3	/AlgorithmScripts/Classification/tsv/mlr/h2o.randomForest	19	1	0	0.760000000596046	0.239999999403954
analcatdata_aids	3	/AlgorithmScripts/Classification/tsv/mlr/h2o.randomForest	20	1	0	0.808333333730698	0.191666666269302
analcatdata_aids	3	/AlgorithmScripts/Classification/tsv/mlr/h2o.randomForest	22	1	1	0.36	0.64
analcatdata_aids	3	/AlgorithmScripts/Classification/tsv/mlr/h2o.randomForest	23	1	0	0.98	0.02
analcatdata_aids	3	/AlgorithmScripts/Classification/tsv/mlr/h2o.randomForest	24	1	0	0.96	0.04
analcatdata_aids	3	/AlgorithmScripts/Classification/tsv/mlr/h2o.randomForest	25	0	0	0.628333333730698	0.371666666269302
analcatdata_aids	3	/AlgorithmScripts/Classification/tsv/mlr/h2o.randomForest	3	1	1	0.02	0.98
analcatdata_aids	3	/AlgorithmScripts/Classification/tsv/mlr/h2o.randomForest	30	0	1	0.168333333730698	0.831666666269302
analcatdata_aids	3	/AlgorithmScripts/Classification/tsv/mlr/h2o.randomForest	31	0	1	0.163333333730698	0.836666666269302
analcatdata_aids	3	/AlgorithmScripts/Classification/tsv/mlr/h2o.randomForest	32	0	1	0.0533333337306976	0.946666666269302
analcatdata_aids	3	/AlgorithmScripts/Classification/tsv/mlr/h2o.randomForest	37	0	0	0.82	0.18
analcatdata_aids	3	/AlgorithmScripts/Classification/tsv/mlr/h2o.randomForest	41	0	1	0.482000001072884	0.517999998927116
analcatdata_aids	3	/AlgorithmScripts/Classification/tsv/mlr/h2o.randomForest	42	0	1	0.480000000596046	0.519999999403953
analcatdata_aids	3	/AlgorithmScripts/Classification/tsv/mlr/h2o.randomForest	44	0	0	0.760000000596046	0.239999999403954
analcatdata_aids	3	/AlgorithmScripts/Classification/tsv/mlr/h2o.randomForest	47	0	0	0.8	0.2
analcatdata_aids	3	/AlgorithmScripts/Classification/tsv/mlr/h2o.randomForest	9	1	1	0.283333333730698	0.716666666269302
analcatdata_aids	3	/AlgorithmScripts/Classification/tsv/mlr/mlp	1	1	1	0.0436500161886215	0.955366671085358
analcatdata_aids	3	/AlgorithmScripts/Classification/tsv/mlr/mlp	14	1	0	0.570194184780121	0.429690957069397
analcatdata_aids	3	/AlgorithmScripts/Classification/tsv/mlr/mlp	19	1	0	0.702757716178894	0.297218948602676
analcatdata_aids	3	/AlgorithmScripts/Classification/tsv/mlr/mlp	20	1	0	0.708496153354645	0.291498571634293
analcatdata_aids	3	/AlgorithmScripts/Classification/tsv/mlr/mlp	22	1	0	0.698750734329224	0.301214069128036
analcatdata_aids	3	/AlgorithmScripts/Classification/tsv/mlr/mlp	23	1	0	0.705692410469055	0.294293284416199
analcatdata_aids	3	/AlgorithmScripts/Classification/tsv/mlr/mlp	24	1	0	0.70795750617981	0.292035430669785
analcatdata_aids	3	/AlgorithmScripts/Classification/tsv/mlr/mlp	25	0	0	0.696890890598297	0.303068727254868
analcatdata_aids	3	/AlgorithmScripts/Classification/tsv/mlr/mlp	3	1	1	0.0534551553428173	0.945944309234619
analcatdata_aids	3	/AlgorithmScripts/Classification/tsv/mlr/mlp	30	0	0	0.670135736465454	0.329764068126678
analcatdata_aids	3	/AlgorithmScripts/Classification/tsv/mlr/mlp	31	0	1	0.304219394922256	0.696303069591522
analcatdata_aids	3	/AlgorithmScripts/Classification/tsv/mlr/mlp	32	0	1	0.214331597089767	0.78625214099884
analcatdata_aids	3	/AlgorithmScripts/Classification/tsv/mlr/mlp	37	0	0	0.553549349308014	0.446358174085617
analcatdata_aids	3	/AlgorithmScripts/Classification/tsv/mlr/mlp	41	0	0	0.707098126411438	0.292892009019852
analcatdata_aids	3	/AlgorithmScripts/Classification/tsv/mlr/mlp	42	0	0	0.706531822681427	0.293456494808197
analcatdata_aids	3	/AlgorithmScripts/Classification/tsv/mlr/mlp	44	0	0	0.707785844802856	0.292206525802612
analcatdata_aids	3	/AlgorithmScripts/Classification/tsv/mlr/mlp	47	0	0	0.707245647907257	0.292744994163513
analcatdata_aids	3	/AlgorithmScripts/Classification/tsv/mlr/mlp	9	1	1	0.372952252626419	0.62740820646286
analcatdata_aids	3	/AlgorithmScripts/Classification/tsv/mlr/xgboost	1	1	1	0.325280249118805	0.674719750881195
analcatdata_aids	3	/AlgorithmScripts/Classification/tsv/mlr/xgboost	14	1	0	0.613459199666977	0.386540800333023
analcatdata_aids	3	/AlgorithmScripts/Classification/tsv/mlr/xgboost	19	1	1	0.426372528076172	0.573627471923828
analcatdata_aids	3	/AlgorithmScripts/Classification/tsv/mlr/xgboost	20	1	0	0.62159463763237	0.37840536236763
analcatdata_aids	3	/AlgorithmScripts/Classification/tsv/mlr/xgboost	22	1	1	0.426372528076172	0.573627471923828
analcatdata_aids	3	/AlgorithmScripts/Classification/tsv/mlr/xgboost	23	1	0	0.62159463763237	0.37840536236763
analcatdata_aids	3	/AlgorithmScripts/Classification/tsv/mlr/xgboost	24	1	0	0.62159463763237	0.37840536236763
analcatdata_aids	3	/AlgorithmScripts/Classification/tsv/mlr/xgboost	25	0	1	0.426372528076172	0.573627471923828
analcatdata_aids	3	/AlgorithmScripts/Classification/tsv/mlr/xgboost	3	1	1	0.325280249118805	0.674719750881195
analcatdata_aids	3	/AlgorithmScripts/Classification/tsv/mlr/xgboost	30	0	1	0.426372528076172	0.573627471923828
analcatdata_aids	3	/AlgorithmScripts/Classification/tsv/mlr/xgboost	31	0	1	0.325280249118805	0.674719750881195
analcatdata_aids	3	/AlgorithmScripts/Classification/tsv/mlr/xgboost	32	0	1	0.325280249118805	0.674719750881195
analcatdata_aids	3	/AlgorithmScripts/Classification/tsv/mlr/xgboost	37	0	0	0.613459199666977	0.386540800333023
analcatdata_aids	3	/AlgorithmScripts/Classification/tsv/mlr/xgboost	41	0	0	0.62159463763237	0.37840536236763
analcatdata_aids	3	/AlgorithmScripts/Classification/tsv/mlr/xgboost	42	0	0	0.62159463763237	0.37840536236763
analcatdata_aids	3	/AlgorithmScripts/Classification/tsv/mlr/xgboost	44	0	0	0.62159463763237	0.37840536236763
analcatdata_aids	3	/AlgorithmScripts/Classification/tsv/mlr/xgboost	47	0	0	0.62159463763237	0.37840536236763
analcatdata_aids	3	/AlgorithmScripts/Classification/tsv/mlr/xgboost	9	1	1	0.325280249118805	0.674719750881195
analcatdata_aids	3	/AlgorithmScripts/Classification/tsv/sklearn/decision_tree	1	1	1	0.000000000	1.000000000
analcatdata_aids	3	/AlgorithmScripts/Classification/tsv/sklearn/decision_tree	14	1	0	1.000000000	0.000000000
analcatdata_aids	3	/AlgorithmScripts/Classification/tsv/sklearn/decision_tree	19	1	0	1.000000000	0.000000000
analcatdata_aids	3	/AlgorithmScripts/Classification/tsv/sklearn/decision_tree	20	1	0	1.000000000	0.000000000
analcatdata_aids	3	/AlgorithmScripts/Classification/tsv/sklearn/decision_tree	22	1	1	0.000000000	1.000000000
analcatdata_aids	3	/AlgorithmScripts/Classification/tsv/sklearn/decision_tree	23	1	0	1.000000000	0.000000000
analcatdata_aids	3	/AlgorithmScripts/Classification/tsv/sklearn/decision_tree	24	1	0	1.000000000	0.000000000
analcatdata_aids	3	/AlgorithmScripts/Classification/tsv/sklearn/decision_tree	25	0	0	1.000000000	0.000000000
analcatdata_aids	3	/AlgorithmScripts/Classification/tsv/sklearn/decision_tree	3	1	1	0.000000000	1.000000000
analcatdata_aids	3	/AlgorithmScripts/Classification/tsv/sklearn/decision_tree	30	0	1	0.000000000	1.000000000
analcatdata_aids	3	/AlgorithmScripts/Classification/tsv/sklearn/decision_tree	31	0	1	0.000000000	1.000000000
analcatdata_aids	3	/AlgorithmScripts/Classification/tsv/sklearn/decision_tree	32	0	1	0.000000000	1.000000000
analcatdata_aids	3	/AlgorithmScripts/Classification/tsv/sklearn/decision_tree	37	0	0	1.000000000	0.000000000
analcatdata_aids	3	/AlgorithmScripts/Classification/tsv/sklearn/decision_tree	41	0	0	1.000000000	0.000000000
analcatdata_aids	3	/AlgorithmScripts/Classification/tsv/sklearn/decision_tree	42	0	0	1.000000000	0.000000000
analcatdata_aids	3	/AlgorithmScripts/Classification/tsv/sklearn/decision_tree	44	0	0	1.000000000	0.000000000
analcatdata_aids	3	/AlgorithmScripts/Classification/tsv/sklearn/decision_tree	47	0	0	1.000000000	0.000000000
analcatdata_aids	3	/AlgorithmScripts/Classification/tsv/sklearn/decision_tree	9	1	1	0.000000000	1.000000000
analcatdata_aids	3	/AlgorithmScripts/Classification/tsv/sklearn/logistic_regression	1	1	1	0.003370006	0.996629994
analcatdata_aids	3	/AlgorithmScripts/Classification/tsv/sklearn/logistic_regression	14	1	0	0.524996375	0.475003625
analcatdata_aids	3	/AlgorithmScripts/Classification/tsv/sklearn/logistic_regression	19	1	0	0.646817176	0.353182824
analcatdata_aids	3	/AlgorithmScripts/Classification/tsv/sklearn/logistic_regression	20	1	0	0.652854233	0.347145767
analcatdata_aids	3	/AlgorithmScripts/Classification/tsv/sklearn/logistic_regression	22	1	0	0.642652347	0.357347653
analcatdata_aids	3	/AlgorithmScripts/Classification/tsv/sklearn/logistic_regression	23	1	0	0.649893747	0.350106253
analcatdata_aids	3	/AlgorithmScripts/Classification/tsv/sklearn/logistic_regression	24	1	0	0.652283823	0.347716177
analcatdata_aids	3	/AlgorithmScripts/Classification/tsv/sklearn/logistic_regression	25	0	0	0.640732906	0.359267094
analcatdata_aids	3	/AlgorithmScripts/Classification/tsv/sklearn/logistic_regression	3	1	1	0.023852095	0.976147905
analcatdata_aids	3	/AlgorithmScripts/Classification/tsv/sklearn/logistic_regression	30	0	0	0.614007137	0.385992863
analcatdata_aids	3	/AlgorithmScripts/Classification/tsv/sklearn/logistic_regression	31	0	1	0.316534291	0.683465709
analcatdata_aids	3	/AlgorithmScripts/Classification/tsv/sklearn/logistic_regression	32	0	1	0.238242532	0.761757468
analcatdata_aids	3	/AlgorithmScripts/Classification/tsv/sklearn/logistic_regression	37	0	0	0.511320817	0.488679183
analcatdata_aids	3	/AlgorithmScripts/Classification/tsv/sklearn/logistic_regression	41	0	0	0.651375451	0.348624549
analcatdata_aids	3	/AlgorithmScripts/Classification/tsv/sklearn/logistic_regression	42	0	0	0.650777921	0.349222079
analcatdata_aids	3	/AlgorithmScripts/Classification/tsv/sklearn/logistic_regression	44	0	0	0.652102237	0.347897763
analcatdata_aids	3	/AlgorithmScripts/Classification/tsv/sklearn/logistic_regression	47	0	0	0.651531250	0.348468750
analcatdata_aids	3	/AlgorithmScripts/Classification/tsv/sklearn/logistic_regression	9	1	1	0.370905713	0.629094287
analcatdata_aids	3	/AlgorithmScripts/Classification/tsv/sklearn/svm	1	1	1	0.169338520	0.830661480
analcatdata_aids	3	/AlgorithmScripts/Classification/tsv/sklearn/svm	14	1	0	0.661109824	0.338890176
analcatdata_aids	3	/AlgorithmScripts/Classification/tsv/sklearn/svm	19	1	1	0.488735155	0.511264845
analcatdata_aids	3	/AlgorithmScripts/Classification/tsv/sklearn/svm	20	1	0	0.506036183	0.493963817
analcatdata_aids	3	/AlgorithmScripts/Classification/tsv/sklearn/svm	22	1	0	0.702123939	0.297876061
analcatdata_aids	3	/AlgorithmScripts/Classification/tsv/sklearn/svm	23	1	0	0.742183457	0.257816543
analcatdata_aids	3	/AlgorithmScripts/Classification/tsv/sklearn/svm	24	1	0	0.734875279	0.265124721
analcatdata_aids	3	/AlgorithmScripts/Classification/tsv/sklearn/svm	25	0	0	0.527348653	0.472651347
analcatdata_aids	3	/AlgorithmScripts/Classification/tsv/sklearn/svm	3	1	1	0.124479278	0.875520722
analcatdata_aids	3	/AlgorithmScripts/Classification/tsv/sklearn/svm	30	0	1	0.427027203	0.572972797
analcatdata_aids	3	/AlgorithmScripts/Classification/tsv/sklearn/svm	31	0	1	0.336502675	0.663497325
analcatdata_aids	3	/AlgorithmScripts/Classification/tsv/sklearn/svm	32	0	1	0.289548964	0.710451036
analcatdata_aids	3	/AlgorithmScripts/Classification/tsv/sklearn/svm	37	0	0	0.623527145	0.376472855
analcatdata_aids	3	/AlgorithmScripts/Classification/tsv/sklearn/svm	41	0	1	0.333619027	0.666380973
analcatdata_aids	3	/AlgorithmScripts/Classification/tsv/sklearn/svm	42	0	1	0.404435928	0.595564072
analcatdata_aids	3	/AlgorithmScripts/Classification/tsv/sklearn/svm	44	0	1	0.490379000	0.509621000
analcatdata_aids	3	/AlgorithmScripts/Classification/tsv/sklearn/svm	47	0	0	0.704382226	0.295617774
analcatdata_aids	3	/AlgorithmScripts/Classification/tsv/sklearn/svm	9	1	0	0.535108243	0.464891757
analcatdata_aids	4	/AlgorithmScripts/Classification/arff/weka/HoeffdingTree	13	1	0	0.518	0.482
analcatdata_aids	4	/AlgorithmScripts/Classification/arff/weka/HoeffdingTree	16	1	0	0.87	0.13
analcatdata_aids	4	/AlgorithmScripts/Classification/arff/weka/HoeffdingTree	17	1	0	0.874	0.126
analcatdata_aids	4	/AlgorithmScripts/Classification/arff/weka/HoeffdingTree	18	1	0	0.868	0.132
analcatdata_aids	4	/AlgorithmScripts/Classification/arff/weka/HoeffdingTree	21	1	0	0.867	0.133
analcatdata_aids	4	/AlgorithmScripts/Classification/arff/weka/HoeffdingTree	22	1	0	0.867	0.133
analcatdata_aids	4	/AlgorithmScripts/Classification/arff/weka/HoeffdingTree	23	1	0	0.863	0.137
analcatdata_aids	4	/AlgorithmScripts/Classification/arff/weka/HoeffdingTree	26	0	0	0.861	0.139
analcatdata_aids	4	/AlgorithmScripts/Classification/arff/weka/HoeffdingTree	27	0	0	0.851	0.149
analcatdata_aids	4	/AlgorithmScripts/Classification/arff/weka/HoeffdingTree	30	0	0	0.875	0.125
analcatdata_aids	4	/AlgorithmScripts/Classification/arff/weka/HoeffdingTree	33	0	0	0.844	0.156
analcatdata_aids	4	/AlgorithmScripts/Classification/arff/weka/HoeffdingTree	42	0	0	0.863	0.137
analcatdata_aids	4	/AlgorithmScripts/Classification/arff/weka/HoeffdingTree	43	0	0	0.862	0.138
analcatdata_aids	4	/AlgorithmScripts/Classification/arff/weka/HoeffdingTree	45	0	0	0.862	0.138
analcatdata_aids	4	/AlgorithmScripts/Classification/arff/weka/HoeffdingTree	46	0	0	0.863	0.137
analcatdata_aids	4	/AlgorithmScripts/Classification/arff/weka/HoeffdingTree	49	0	0	0.862	0.138
analcatdata_aids	4	/AlgorithmScripts/Classification/arff/weka/HoeffdingTree	5	1	0	0.877	0.123
analcatdata_aids	4	/AlgorithmScripts/Classification/arff/weka/HoeffdingTree	6	1	1	0	1
analcatdata_aids	4	/AlgorithmScripts/Classification/arff/weka/MultilayerPerceptron	13	1	0	0.57	0.43
analcatdata_aids	4	/AlgorithmScripts/Classification/arff/weka/MultilayerPerceptron	16	1	0	0.674	0.326
analcatdata_aids	4	/AlgorithmScripts/Classification/arff/weka/MultilayerPerceptron	17	1	0	0.673	0.327
analcatdata_aids	4	/AlgorithmScripts/Classification/arff/weka/MultilayerPerceptron	18	1	0	0.675	0.325
analcatdata_aids	4	/AlgorithmScripts/Classification/arff/weka/MultilayerPerceptron	21	1	0	0.675	0.325
analcatdata_aids	4	/AlgorithmScripts/Classification/arff/weka/MultilayerPerceptron	22	1	0	0.675	0.325
analcatdata_aids	4	/AlgorithmScripts/Classification/arff/weka/MultilayerPerceptron	23	1	0	0.676	0.324
analcatdata_aids	4	/AlgorithmScripts/Classification/arff/weka/MultilayerPerceptron	26	0	0	0.655	0.345
analcatdata_aids	4	/AlgorithmScripts/Classification/arff/weka/MultilayerPerceptron	27	0	0	0.65	0.35
analcatdata_aids	4	/AlgorithmScripts/Classification/arff/weka/MultilayerPerceptron	30	0	0	0.671	0.329
analcatdata_aids	4	/AlgorithmScripts/Classification/arff/weka/MultilayerPerceptron	33	0	0	0.647	0.353
analcatdata_aids	4	/AlgorithmScripts/Classification/arff/weka/MultilayerPerceptron	42	0	0	0.676	0.324
analcatdata_aids	4	/AlgorithmScripts/Classification/arff/weka/MultilayerPerceptron	43	0	0	0.676	0.324
analcatdata_aids	4	/AlgorithmScripts/Classification/arff/weka/MultilayerPerceptron	45	0	0	0.676	0.324
analcatdata_aids	4	/AlgorithmScripts/Classification/arff/weka/MultilayerPerceptron	46	0	0	0.676	0.324
analcatdata_aids	4	/AlgorithmScripts/Classification/arff/weka/MultilayerPerceptron	49	0	0	0.676	0.324
analcatdata_aids	4	/AlgorithmScripts/Classification/arff/weka/MultilayerPerceptron	5	1	0	0.667	0.333
analcatdata_aids	4	/AlgorithmScripts/Classification/arff/weka/MultilayerPerceptron	6	1	1	0.015	0.985
analcatdata_aids	4	/AlgorithmScripts/Classification/arff/weka/SimpleLogistic	13	1	0	0.508	0.492
analcatdata_aids	4	/AlgorithmScripts/Classification/arff/weka/SimpleLogistic	16	1	0	0.631	0.369
analcatdata_aids	4	/AlgorithmScripts/Classification/arff/weka/SimpleLogistic	17	1	0	0.626	0.374
analcatdata_aids	4	/AlgorithmScripts/Classification/arff/weka/SimpleLogistic	18	1	0	0.633	0.367
analcatdata_aids	4	/AlgorithmScripts/Classification/arff/weka/SimpleLogistic	21	1	0	0.635	0.365
analcatdata_aids	4	/AlgorithmScripts/Classification/arff/weka/SimpleLogistic	22	1	0	0.634	0.366
analcatdata_aids	4	/AlgorithmScripts/Classification/arff/weka/SimpleLogistic	23	1	0	0.638	0.362
analcatdata_aids	4	/AlgorithmScripts/Classification/arff/weka/SimpleLogistic	26	0	0	0.585	0.415
analcatdata_aids	4	/AlgorithmScripts/Classification/arff/weka/SimpleLogistic	27	0	0	0.578	0.422
analcatdata_aids	4	/AlgorithmScripts/Classification/arff/weka/SimpleLogistic	30	0	0	0.622	0.378
analcatdata_aids	4	/AlgorithmScripts/Classification/arff/weka/SimpleLogistic	33	0	0	0.573	0.427
analcatdata_aids	4	/AlgorithmScripts/Classification/arff/weka/SimpleLogistic	42	0	0	0.638	0.362
analcatdata_aids	4	/AlgorithmScripts/Classification/arff/weka/SimpleLogistic	43	0	0	0.638	0.362
analcatdata_aids	4	/AlgorithmScripts/Classification/arff/weka/SimpleLogistic	45	0	0	0.639	0.361
analcatdata_aids	4	/AlgorithmScripts/Classification/arff/weka/SimpleLogistic	46	0	0	0.638	0.362
analcatdata_aids	4	/AlgorithmScripts/Classification/arff/weka/SimpleLogistic	49	0	0	0.639	0.361
analcatdata_aids	4	/AlgorithmScripts/Classification/arff/weka/SimpleLogistic	5	1	0	0.611	0.389
analcatdata_aids	4	/AlgorithmScripts/Classification/arff/weka/SimpleLogistic	6	1	1	0.257	0.743
analcatdata_aids	4	/AlgorithmScripts/Classification/tsv/keras/dnn	13	1	1	0.44819498	0.551805
analcatdata_aids	4	/AlgorithmScripts/Classification/tsv/keras/dnn	16	1	0	0.5271069	0.47289312
analcatdata_aids	4	/AlgorithmScripts/Classification/tsv/keras/dnn	17	1	0	0.52490896	0.47509104
analcatdata_aids	4	/AlgorithmScripts/Classification/tsv/keras/dnn	18	1	0	0.5279419	0.47205812
analcatdata_aids	4	/AlgorithmScripts/Classification/tsv/keras/dnn	21	1	0	0.5287517	0.47124833
analcatdata_aids	4	/AlgorithmScripts/Classification/tsv/keras/dnn	22	1	0	0.5286244	0.47137558
analcatdata_aids	4	/AlgorithmScripts/Classification/tsv/keras/dnn	23	1	0	0.52990615	0.4700939
analcatdata_aids	4	/AlgorithmScripts/Classification/tsv/keras/dnn	26	0	0	0.5010905	0.49890953
analcatdata_aids	4	/AlgorithmScripts/Classification/tsv/keras/dnn	27	0	1	0.4965933	0.5034067
analcatdata_aids	4	/AlgorithmScripts/Classification/tsv/keras/dnn	30	0	0	0.5231259	0.47687408
analcatdata_aids	4	/AlgorithmScripts/Classification/tsv/keras/dnn	33	0	1	0.4933745	0.5066255
analcatdata_aids	4	/AlgorithmScripts/Classification/tsv/keras/dnn	42	0	0	0.5300598	0.46994022
analcatdata_aids	4	/AlgorithmScripts/Classification/tsv/keras/dnn	43	0	0	0.5302261	0.46977386
analcatdata_aids	4	/AlgorithmScripts/Classification/tsv/keras/dnn	45	0	0	0.5305207	0.46947932
analcatdata_aids	4	/AlgorithmScripts/Classification/tsv/keras/dnn	46	0	0	0.53018576	0.46981424
analcatdata_aids	4	/AlgorithmScripts/Classification/tsv/keras/dnn	49	0	0	0.5304718	0.46952826
analcatdata_aids	4	/AlgorithmScripts/Classification/tsv/keras/dnn	5	1	0	0.5171381	0.48286185
analcatdata_aids	4	/AlgorithmScripts/Classification/tsv/keras/dnn	6	1	1	0.27040154	0.72959846
analcatdata_aids	4	/AlgorithmScripts/Classification/tsv/mlr/h2o.randomForest	13	1	0	0.68	0.32
analcatdata_aids	4	/AlgorithmScripts/Classification/tsv/mlr/h2o.randomForest	16	1	0	0.75611111164093	0.24388888835907
analcatdata_aids	4	/AlgorithmScripts/Classification/tsv/mlr/h2o.randomForest	17	1	1	0.34611111164093	0.65388888835907
analcatdata_aids	4	/AlgorithmScripts/Classification/tsv/mlr/h2o.randomForest	18	1	0	0.71611111164093	0.28388888835907
analcatdata_aids	4	/AlgorithmScripts/Classification/tsv/mlr/h2o.randomForest	21	1	0	0.66611111164093	0.33388888835907
analcatdata_aids	4	/AlgorithmScripts/Classification/tsv/mlr/h2o.randomForest	22	1	0	0.70611111164093	0.29388888835907
analcatdata_aids	4	/AlgorithmScripts/Classification/tsv/mlr/h2o.randomForest	23	1	0	0.738111112117767	0.261888887882233
analcatdata_aids	4	/AlgorithmScripts/Classification/tsv/mlr/h2o.randomForest	26	0	1	0.431666667461395	0.568333332538605
analcatdata_aids	4	/AlgorithmScripts/Classification/tsv/mlr/h2o.randomForest	27	0	1	0.451666667461395	0.548333332538605
analcatdata_aids	4	/AlgorithmScripts/Classification/tsv/mlr/h2o.randomForest	30	0	0	0.67611111164093	0.32388888835907
analcatdata_aids	4	/AlgorithmScripts/Classification/tsv/mlr/h2o.randomForest	33	0	0	0.685	0.315
analcatdata_aids	4	/AlgorithmScripts/Classification/tsv/mlr/h2o.randomForest	42	0	0	0.738111112117767	0.261888887882233
analcatdata_aids	4	/AlgorithmScripts/Classification/tsv/mlr/h2o.randomForest	43	0	0	0.738111112117767	0.261888887882233
analcatdata_aids	4	/AlgorithmScripts/Classification/tsv/mlr/h2o.randomForest	45	0	0	0.551111112236977	0.448888887763023
analcatdata_aids	4	/AlgorithmScripts/Classification/tsv/mlr/h2o.randomForest	46	0	0	0.738111112117767	0.261888887882233
analcatdata_aids	4	/AlgorithmScripts/Classification/tsv/mlr/h2o.randomForest	49	0	0	0.551111112236977	0.448888887763023
analcatdata_aids	4	/AlgorithmScripts/Classification/tsv/mlr/h2o.randomForest	5	1	0	0.67611111164093	0.32388888835907
analcatdata_aids	4	/AlgorithmScripts/Classification/tsv/mlr/h2o.randomForest	6	1	1	0.21	0.79
analcatdata_aids	4	/AlgorithmScripts/Classification/tsv/mlr/mlp	13	1	1	0.430990934371948	0.569044411182404
analcatdata_aids	4	/AlgorithmScripts/Classification/tsv/mlr/mlp	16	1	0	0.680386662483215	0.319713592529297
analcatdata_aids	4	/AlgorithmScripts/Classification/tsv/mlr/mlp	17	1	0	0.67196524143219	0.328112363815308
analcatdata_aids	4	/AlgorithmScripts/Classification/tsv/mlr/mlp	18	1	0	0.683667778968811	0.316441923379898
analcatdata_aids	4	/AlgorithmScripts/Classification/tsv/mlr/mlp	21	1	0	0.686895489692688	0.313223779201508
analcatdata_aids	4	/AlgorithmScripts/Classification/tsv/mlr/mlp	22	1	0	0.686385154724121	0.31373256444931
analcatdata_aids	4	/AlgorithmScripts/Classification/tsv/mlr/mlp	23	1	0	0.691580235958099	0.308553397655487
analcatdata_aids	4	/AlgorithmScripts/Classification/tsv/mlr/mlp	26	0	0	0.593071818351746	0.406880676746368
analcatdata_aids	4	/AlgorithmScripts/Classification/tsv/mlr/mlp	27	0	0	0.579066038131714	0.420878678560257
analcatdata_aids	4	/AlgorithmScripts/Classification/tsv/mlr/mlp	30	0	0	0.665411949157715	0.334649294614792
analcatdata_aids	4	/AlgorithmScripts/Classification/tsv/mlr/mlp	33	0	0	0.569134593009949	0.430806875228882
analcatdata_aids	4	/AlgorithmScripts/Classification/tsv/mlr/mlp	42	0	0	0.69221168756485	0.307924002408981
analcatdata_aids	4	/AlgorithmScripts/Classification/tsv/mlr/mlp	43	0	0	0.692897260189056	0.307240605354309
analcatdata_aids	4	/AlgorithmScripts/Classification/tsv/mlr/mlp	45	0	0	0.694116175174713	0.306025624275208
analcatdata_aids	4	/AlgorithmScripts/Classification/tsv/mlr/mlp	46	0	0	0.692730665206909	0.307406693696976
analcatdata_aids	4	/AlgorithmScripts/Classification/tsv/mlr/mlp	49	0	0	0.693913340568542	0.306227773427963
analcatdata_aids	4	/AlgorithmScripts/Classification/tsv/mlr/mlp	5	1	0	0.64470112323761	0.355316072702408
analcatdata_aids	4	/AlgorithmScripts/Classification/tsv/mlr/mlp	6	1	1	0.104529418051243	0.895281255245209
analcatdata_aids	4	/AlgorithmScripts/Classification/tsv/mlr/xgboost	13	1	0	0.605140745639801	0.394859254360199
analcatdata_aids	4	/AlgorithmScripts/Classification/tsv/mlr/xgboost	16	1	0	0.581557929515839	0.418442070484161
analcatdata_aids	4	/AlgorithmScripts/Classification/tsv/mlr/xgboost	17	1	0	0.628110349178314	0.371889650821686
analcatdata_aids	4	/AlgorithmScripts/Classification/tsv/mlr/xgboost	18	1	0	0.581557929515839	0.418442070484161
analcatdata_aids	4	/AlgorithmScripts/Classification/tsv/mlr/xgboost	21	1	0	0.581557929515839	0.418442070484161
analcatdata_aids	4	/AlgorithmScripts/Classification/tsv/mlr/xgboost	22	1	0	0.581557929515839	0.418442070484161
analcatdata_aids	4	/AlgorithmScripts/Classification/tsv/mlr/xgboost	23	1	0	0.581557929515839	0.418442070484161
analcatdata_aids	4	/AlgorithmScripts/Classification/tsv/mlr/xgboost	26	0	0	0.605140745639801	0.394859254360199
analcatdata_aids	4	/AlgorithmScripts/Classification/tsv/mlr/xgboost	27	0	0	0.605140745639801	0.394859254360199
analcatdata_aids	4	/AlgorithmScripts/Classification/tsv/mlr/xgboost	30	0	0	0.570774376392365	0.429225623607635
analcatdata_aids	4	/AlgorithmScripts/Classification/tsv/mlr/xgboost	33	0	0	0.605140745639801	0.394859254360199
analcatdata_aids	4	/AlgorithmScripts/Classification/tsv/mlr/xgboost	42	0	0	0.628110349178314	0.371889650821686
analcatdata_aids	4	/AlgorithmScripts/Classification/tsv/mlr/xgboost	43	0	0	0.581557929515839	0.418442070484161
analcatdata_aids	4	/AlgorithmScripts/Classification/tsv/mlr/xgboost	45	0	1	0.464868485927582	0.535131514072418
analcatdata_aids	4	/AlgorithmScripts/Classification/tsv/mlr/xgboost	46	0	0	0.581557929515839	0.418442070484161
analcatdata_aids	4	/AlgorithmScripts/Classification/tsv/mlr/xgboost	49	0	1	0.441219925880432	0.558780074119568
analcatdata_aids	4	/AlgorithmScripts/Classification/tsv/mlr/xgboost	5	1	0	0.570774376392365	0.429225623607635
analcatdata_aids	4	/AlgorithmScripts/Classification/tsv/mlr/xgboost	6	1	1	0.325280249118805	0.674719750881195
analcatdata_aids	4	/AlgorithmScripts/Classification/tsv/sklearn/decision_tree	13	1	0	1.000000000	0.000000000
analcatdata_aids	4	/AlgorithmScripts/Classification/tsv/sklearn/decision_tree	16	1	0	1.000000000	0.000000000
analcatdata_aids	4	/AlgorithmScripts/Classification/tsv/sklearn/decision_tree	17	1	1	0.000000000	1.000000000
analcatdata_aids	4	/AlgorithmScripts/Classification/tsv/sklearn/decision_tree	18	1	0	1.000000000	0.000000000
analcatdata_aids	4	/AlgorithmScripts/Classification/tsv/sklearn/decision_tree	21	1	0	1.000000000	0.000000000
analcatdata_aids	4	/AlgorithmScripts/Classification/tsv/sklearn/decision_tree	22	1	0	1.000000000	0.000000000
analcatdata_aids	4	/AlgorithmScripts/Classification/tsv/sklearn/decision_tree	23	1	0	1.000000000	0.000000000
analcatdata_aids	4	/AlgorithmScripts/Classification/tsv/sklearn/decision_tree	26	0	1	0.000000000	1.000000000
analcatdata_aids	4	/AlgorithmScripts/Classification/tsv/sklearn/decision_tree	27	0	1	0.000000000	1.000000000
analcatdata_aids	4	/AlgorithmScripts/Classification/tsv/sklearn/decision_tree	30	0	1	0.000000000	1.000000000
analcatdata_aids	4	/AlgorithmScripts/Classification/tsv/sklearn/decision_tree	33	0	1	0.000000000	1.000000000
analcatdata_aids	4	/AlgorithmScripts/Classification/tsv/sklearn/decision_tree	42	0	0	1.000000000	0.000000000
analcatdata_aids	4	/AlgorithmScripts/Classification/tsv/sklearn/decision_tree	43	0	0	1.000000000	0.000000000
analcatdata_aids	4	/AlgorithmScripts/Classification/tsv/sklearn/decision_tree	45	0	0	1.000000000	0.000000000
analcatdata_aids	4	/AlgorithmScripts/Classification/tsv/sklearn/decision_tree	46	0	0	1.000000000	0.000000000
analcatdata_aids	4	/AlgorithmScripts/Classification/tsv/sklearn/decision_tree	49	0	0	1.000000000	0.000000000
analcatdata_aids	4	/AlgorithmScripts/Classification/tsv/sklearn/decision_tree	5	1	0	1.000000000	0.000000000
analcatdata_aids	4	/AlgorithmScripts/Classification/tsv/sklearn/decision_tree	6	1	1	0.000000000	1.000000000
analcatdata_aids	4	/AlgorithmScripts/Classification/tsv/sklearn/logistic_regression	13	1	1	0.418831779	0.581168221
analcatdata_aids	4	/AlgorithmScripts/Classification/tsv/sklearn/logistic_regression	16	1	0	0.648372974	0.351627026
analcatdata_aids	4	/AlgorithmScripts/Classification/tsv/sklearn/logistic_regression	17	1	0	0.639548617	0.360451383
analcatdata_aids	4	/AlgorithmScripts/Classification/tsv/sklearn/logistic_regression	18	1	0	0.651846554	0.348153446
analcatdata_aids	4	/AlgorithmScripts/Classification/tsv/sklearn/logistic_regression	21	1	0	0.655283890	0.344716110
analcatdata_aids	4	/AlgorithmScripts/Classification/tsv/sklearn/logistic_regression	22	1	0	0.654739033	0.345260967
analcatdata_aids	4	/AlgorithmScripts/Classification/tsv/sklearn/logistic_regression	23	1	0	0.660309345	0.339690655
analcatdata_aids	4	/AlgorithmScripts/Classification/tsv/sklearn/logistic_regression	26	0	0	0.562076425	0.437923575
analcatdata_aids	4	/AlgorithmScripts/Classification/tsv/sklearn/logistic_regression	27	0	0	0.549089862	0.450910138
analcatdata_aids	4	/AlgorithmScripts/Classification/tsv/sklearn/logistic_regression	30	0	0	0.632768969	0.367231031
analcatdata_aids	4	/AlgorithmScripts/Classification/tsv/sklearn/logistic_regression	33	0	0	0.539987063	0.460012937
analcatdata_aids	4	/AlgorithmScripts/Classification/tsv/sklearn/logistic_regression	42	0	0	0.660990057	0.339009943
analcatdata_aids	4	/AlgorithmScripts/Classification/tsv/sklearn/logistic_regression	43	0	0	0.661730076	0.338269924
analcatdata_aids	4	/AlgorithmScripts/Classification/tsv/sklearn/logistic_regression	45	0	0	0.663048146	0.336951854
analcatdata_aids	4	/AlgorithmScripts/Classification/tsv/sklearn/logistic_regression	46	0	0	0.661550144	0.338449856
analcatdata_aids	4	/AlgorithmScripts/Classification/tsv/sklearn/logistic_regression	49	0	0	0.662828643	0.337171357
analcatdata_aids	4	/AlgorithmScripts/Classification/tsv/sklearn/logistic_regression	5	1	0	0.611803779	0.388196221
analcatdata_aids	4	/AlgorithmScripts/Classification/tsv/sklearn/logistic_regression	6	1	1	0.084917098	0.915082902
analcatdata_aids	4	/AlgorithmScripts/Classification/tsv/sklearn/svm	13	1	1	0.500000000	0.500000000
analcatdata_aids	4	/AlgorithmScripts/Classification/tsv/sklearn/svm	16	1	1	0.465063809	0.534936191
analcatdata_aids	4	/AlgorithmScripts/Classification/tsv/sklearn/svm	17	1	1	0.461877278	0.538122722
analcatdata_aids	4	/AlgorithmScripts/Classification/tsv/sklearn/svm	18	1	1	0.467517872	0.532482128
analcatdata_aids	4	/AlgorithmScripts/Classification/tsv/sklearn/svm	21	1	1	0.469682181	0.530317819
analcatdata_aids	4	/AlgorithmScripts/Classification/tsv/sklearn/svm	22	1	1	0.464948757	0.535051243
analcatdata_aids	4	/AlgorithmScripts/Classification/tsv/sklearn/svm	23	1	1	0.469061249	0.530938751
analcatdata_aids	4	/AlgorithmScripts/Classification/tsv/sklearn/svm	26	0	0	0.500000000	0.500000000
analcatdata_aids	4	/AlgorithmScripts/Classification/tsv/sklearn/svm	27	0	0	0.500000000	0.500000000
analcatdata_aids	4	/AlgorithmScripts/Classification/tsv/sklearn/svm	30	0	1	0.469005864	0.530994136
analcatdata_aids	4	/AlgorithmScripts/Classification/tsv/sklearn/svm	33	0	1	0.472196045	0.527803955
analcatdata_aids	4	/AlgorithmScripts/Classification/tsv/sklearn/svm	42	0	1	0.460739618	0.539260382
analcatdata_aids	4	/AlgorithmScripts/Classification/tsv/sklearn/svm	43	0	1	0.466839320	0.533160680
analcatdata_aids	4	/AlgorithmScripts/Classification/tsv/sklearn/svm	45	0	1	0.481209577	0.518790423
analcatdata_aids	4	/AlgorithmScripts/Classification/tsv/sklearn/svm	46	0	1	0.469456197	0.530543803
analcatdata_aids	4	/AlgorithmScripts/Classification/tsv/sklearn/svm	49	0	1	0.479270675	0.520729325
analcatdata_aids	4	/AlgorithmScripts/Classification/tsv/sklearn/svm	5	1	1	0.469609940	0.530390060
analcatdata_aids	4	/AlgorithmScripts/Classification/tsv/sklearn/svm	6	1	0	0.569034439	0.430965561
analcatdata_aids	5	/AlgorithmScripts/Classification/arff/weka/HoeffdingTree	1	1	1	0	1
analcatdata_aids	5	/AlgorithmScripts/Classification/arff/weka/HoeffdingTree	10	1	0	0.893	0.107
analcatdata_aids	5	/AlgorithmScripts/Classification/arff/weka/HoeffdingTree	12	1	1	0	1
analcatdata_aids	5	/AlgorithmScripts/Classification/arff/weka/HoeffdingTree	14	1	0	0.909	0.091
analcatdata_aids	5	/AlgorithmScripts/Classification/arff/weka/HoeffdingTree	17	1	0	0.922	0.078
analcatdata_aids	5	/AlgorithmScripts/Classification/arff/weka/HoeffdingTree	24	1	0	0.922	0.078
analcatdata_aids	5	/AlgorithmScripts/Classification/arff/weka/HoeffdingTree	25	0	0	0.524	0.476
analcatdata_aids	5	/AlgorithmScripts/Classification/arff/weka/HoeffdingTree	26	0	1	0.494	0.506
analcatdata_aids	5	/AlgorithmScripts/Classification/arff/weka/HoeffdingTree	29	0	1	0.113	0.887
analcatdata_aids	5	/AlgorithmScripts/Classification/arff/weka/HoeffdingTree	30	0	0	0.892	0.108
analcatdata_aids	5	/AlgorithmScripts/Classification/arff/weka/HoeffdingTree	32	0	1	0.002	0.998
analcatdata_aids	5	/AlgorithmScripts/Classification/arff/weka/HoeffdingTree	37	0	0	0.885	0.115
analcatdata_aids	5	/AlgorithmScripts/Classification/arff/weka/HoeffdingTree	39	0	0	0.93	0.07
analcatdata_aids	5	/AlgorithmScripts/Classification/arff/weka/HoeffdingTree	41	0	0	0.899	0.101
analcatdata_aids	5	/AlgorithmScripts/Classification/arff/weka/HoeffdingTree	49	0	0	0.922	0.078
analcatdata_aids	5	/AlgorithmScripts/Classification/arff/weka/HoeffdingTree	7	1	1	0	1
analcatdata_aids	5	/AlgorithmScripts/Classification/arff/weka/HoeffdingTree	8	1	1	0	1
analcatdata_aids	5	/AlgorithmScripts/Classification/arff/weka/HoeffdingTree	9	1	1	0.387	0.613
analcatdata_aids	5	/AlgorithmScripts/Classification/arff/weka/MultilayerPerceptron	1	1	1	0.012	0.988
analcatdata_aids	5	/AlgorithmScripts/Classification/arff/weka/MultilayerPerceptron	10	1	0	0.611	0.389
analcatdata_aids	5	/AlgorithmScripts/Classification/arff/weka/MultilayerPerceptron	12	1	1	0.04	0.96
analcatdata_aids	5	/AlgorithmScripts/Classification/arff/weka/MultilayerPerceptron	14	1	0	0.588	0.412
analcatdata_aids	5	/AlgorithmScripts/Classification/arff/weka/MultilayerPerceptron	17	1	0	0.612	0.388
analcatdata_aids	5	/AlgorithmScripts/Classification/arff/weka/MultilayerPerceptron	24	1	0	0.617	0.383
analcatdata_aids	5	/AlgorithmScripts/Classification/arff/weka/MultilayerPerceptron	25	0	0	0.615	0.385
analcatdata_aids	5	/AlgorithmScripts/Classification/arff/weka/MultilayerPerceptron	26	0	0	0.587	0.413
analcatdata_aids	5	/AlgorithmScripts/Classification/arff/weka/MultilayerPerceptron	29	0	0	0.609	0.391
analcatdata_aids	5	/AlgorithmScripts/Classification/arff/weka/MultilayerPerceptron	30	0	0	0.61	0.39
analcatdata_aids	5	/AlgorithmScripts/Classification/arff/weka/MultilayerPerceptron	32	0	1	0.326	0.674
analcatdata_aids	5	/AlgorithmScripts/Classification/arff/weka/MultilayerPerceptron	37	0	0	0.584	0.416
analcatdata_aids	5	/AlgorithmScripts/Classification/arff/weka/MultilayerPerceptron	39	0	0	0.613	0.387
analcatdata_aids	5	/AlgorithmScripts/Classification/arff/weka/MultilayerPerceptron	41	0	0	0.617	0.383
analcatdata_aids	5	/AlgorithmScripts/Classification/arff/weka/MultilayerPerceptron	49	0	0	0.617	0.383
analcatdata_aids	5	/AlgorithmScripts/Classification/arff/weka/MultilayerPerceptron	7	1	1	0.012	0.988
analcatdata_aids	5	/AlgorithmScripts/Classification/arff/weka/MultilayerPerceptron	8	1	1	0.074	0.926
analcatdata_aids	5	/AlgorithmScripts/Classification/arff/weka/MultilayerPerceptron	9	1	0	0.504	0.496
analcatdata_aids	5	/AlgorithmScripts/Classification/arff/weka/SimpleLogistic	1	1	1	0.126	0.874
analcatdata_aids	5	/AlgorithmScripts/Classification/arff/weka/SimpleLogistic	10	1	0	0.564	0.436
analcatdata_aids	5	/AlgorithmScripts/Classification/arff/weka/SimpleLogistic	12	1	1	0.311	0.689
analcatdata_aids	5	/AlgorithmScripts/Classification/arff/weka/SimpleLogistic	14	1	0	0.531	0.469
analcatdata_aids	5	/AlgorithmScripts/Classification/arff/weka/SimpleLogistic	17	1	0	0.566	0.434
analcatdata_aids	5	/AlgorithmScripts/Classification/arff/weka/SimpleLogistic	24	1	0	0.577	0.423
analcatdata_aids	5	/AlgorithmScripts/Classification/arff/weka/SimpleLogistic	25	0	0	0.573	0.427
analcatdata_aids	5	/AlgorithmScripts/Classification/arff/weka/SimpleLogistic	26	0	0	0.529	0.471
analcatdata_aids	5	/AlgorithmScripts/Classification/arff/weka/SimpleLogistic	29	0	0	0.56	0.44
analcatdata_aids	5	/AlgorithmScripts/Classification/arff/weka/SimpleLogistic	30	0	0	0.563	0.437
analcatdata_aids	5	/AlgorithmScripts/Classification/arff/weka/SimpleLogistic	32	0	1	0.419	0.581
analcatdata_aids	5	/AlgorithmScripts/Classification/arff/weka/SimpleLogistic	37	0	0	0.526	0.474
analcatdata_aids	5	/AlgorithmScripts/Classification/arff/weka/SimpleLogistic	39	0	0	0.568	0.432
analcatdata_aids	5	/AlgorithmScripts/Classification/arff/weka/SimpleLogistic	41	0	0	0.577	0.423
analcatdata_aids	5	/AlgorithmScripts/Classification/arff/weka/SimpleLogistic	49	0	0	0.577	0.423
analcatdata_aids	5	/AlgorithmScripts/Classification/arff/weka/SimpleLogistic	7	1	1	0.143	0.857
analcatdata_aids	5	/AlgorithmScripts/Classification/arff/weka/SimpleLogistic	8	1	1	0.341	0.659
analcatdata_aids	5	/AlgorithmScripts/Classification/arff/weka/SimpleLogistic	9	1	1	0.475	0.525
analcatdata_aids	5	/AlgorithmScripts/Classification/tsv/keras/dnn	1	1	1	0.39944252	0.6005575
analcatdata_aids	5	/AlgorithmScripts/Classification/tsv/keras/dnn	10	1	0	0.54559433	0.4544057
analcatdata_aids	5	/AlgorithmScripts/Classification/tsv/keras/dnn	12	1	0	0.54697084	0.45302916
analcatdata_aids	5	/AlgorithmScripts/Classification/tsv/keras/dnn	14	1	0	0.54942304	0.45057696
analcatdata_aids	5	/AlgorithmScripts/Classification/tsv/keras/dnn	17	1	0	0.5396774	0.46032268
analcatdata_aids	5	/AlgorithmScripts/Classification/tsv/keras/dnn	24	1	0	0.5323221	0.46767783
analcatdata_aids	5	/AlgorithmScripts/Classification/tsv/keras/dnn	25	0	1	0.3949308	0.6050692
analcatdata_aids	5	/AlgorithmScripts/Classification/tsv/keras/dnn	26	0	1	0.39080563	0.6091943
analcatdata_aids	5	/AlgorithmScripts/Classification/tsv/keras/dnn	29	0	1	0.28552058	0.71447945
analcatdata_aids	5	/AlgorithmScripts/Classification/tsv/keras/dnn	30	0	0	0.54976904	0.45023093
analcatdata_aids	5	/AlgorithmScripts/Classification/tsv/keras/dnn	32	0	0	0.55054486	0.44945514
analcatdata_aids	5	/AlgorithmScripts/Classification/tsv/keras/dnn	37	0	0	0.5473627	0.45263728
analcatdata_aids	5	/AlgorithmScripts/Classification/tsv/keras/dnn	39	0	0	0.54967713	0.45032287
analcatdata_aids	5	/AlgorithmScripts/Classification/tsv/keras/dnn	41	0	0	0.53891945	0.46108052
analcatdata_aids	5	/AlgorithmScripts/Classification/tsv/keras/dnn	49	0	0	0.53247434	0.46752563
analcatdata_aids	5	/AlgorithmScripts/Classification/tsv/keras/dnn	7	1	0	0.5503414	0.4496585
analcatdata_aids	5	/AlgorithmScripts/Classification/tsv/keras/dnn	8	1	0	0.54924786	0.45075217
analcatdata_aids	5	/AlgorithmScripts/Classification/tsv/keras/dnn	9	1	0	0.5504468	0.44955325
analcatdata_aids	5	/AlgorithmScripts/Classification/tsv/mlr/h2o.randomForest	1	1	1	0	1
analcatdata_aids	5	/AlgorithmScripts/Classification/tsv/mlr/h2o.randomForest	10	1	0	0.74	0.26
analcatdata_aids	5	/AlgorithmScripts/Classification/tsv/mlr/h2o.randomForest	12	1	1	0	1
analcatdata_aids	5	/AlgorithmScripts/Classification/tsv/mlr/h2o.randomForest	14	1	0	0.966666666865349	0.0333333331346511
analcatdata_aids	5	/AlgorithmScripts/Classification/tsv/mlr/h2o.randomForest	17	1	1	0.06	0.94
analcatdata_aids	5	/AlgorithmScripts/Classification/tsv/mlr/h2o.randomForest	24	1	0	0.8	0.2
analcatdata_aids	5	/AlgorithmScripts/Classification/tsv/mlr/h2o.randomForest	25	0	0	0.64	0.36
analcatdata_aids	5	/AlgorithmScripts/Classification/tsv/mlr/h2o.randomForest	26	0	0	0.966666666865349	0.0333333331346511
analcatdata_aids	5	/AlgorithmScripts/Classification/tsv/mlr/h2o.randomForest	29	0	0	0.95	0.05
analcatdata_aids	5	/AlgorithmScripts/Classification/tsv/mlr/h2o.randomForest	30	0	0	0.92	0.08
analcatdata_aids	5	/AlgorithmScripts/Classification/tsv/mlr/h2o.randomForest	32	0	1	0	1
analcatdata_aids	5	/AlgorithmScripts/Classification/tsv/mlr/h2o.randomForest	37	0	0	0.966666666865349	0.0333333331346511
analcatdata_aids	5	/AlgorithmScripts/Classification/tsv/mlr/h2o.randomForest	39	0	1	0.06	0.94
analcatdata_aids	5	/AlgorithmScripts/Classification/tsv/mlr/h2o.randomForest	41	0	0	0.98	0.02
analcatdata_aids	5	/AlgorithmScripts/Classification/tsv/mlr/h2o.randomForest	49	0	0	0.88	0.12
analcatdata_aids	5	/AlgorithmScripts/Classification/tsv/mlr/h2o.randomForest	7	1	1	0	1
analcatdata_aids	5	/AlgorithmScripts/Classification/tsv/mlr/h2o.randomForest	8	1	1	0	1
analcatdata_aids	5	/AlgorithmScripts/Classification/tsv/mlr/h2o.randomForest	9	1	1	0.3	0.7
analcatdata_aids	5	/AlgorithmScripts/Classification/tsv/mlr/mlp	1	1	1	0.0877869799733162	0.910856485366821
analcatdata_aids	5	/AlgorithmScripts/Classification/tsv/mlr/mlp	10	1	0	0.590698599815369	0.40935292840004
analcatdata_aids	5	/AlgorithmScripts/Classification/tsv/mlr/mlp	12	1	1	0.175510883331299	0.82425320148468
analcatdata_aids	5	/AlgorithmScripts/Classification/tsv/mlr/mlp	14	1	0	0.527457356452942	0.472650200128555
analcatdata_aids	5	/AlgorithmScripts/Classification/tsv/mlr/mlp	17	1	0	0.594345569610596	0.405704379081726
analcatdata_aids	5	/AlgorithmScripts/Classification/tsv/mlr/mlp	24	1	0	0.614075243473053	0.385970324277878
analcatdata_aids	5	/AlgorithmScripts/Classification/tsv/mlr/mlp	25	0	0	0.606347620487213	0.393698692321777
analcatdata_aids	5	/AlgorithmScripts/Classification/tsv/mlr/mlp	26	0	0	0.525194764137268	0.474915534257889
analcatdata_aids	5	/AlgorithmScripts/Classification/tsv/mlr/mlp	29	0	0	0.582867681980133	0.417187988758087
analcatdata_aids	5	/AlgorithmScripts/Classification/tsv/mlr/mlp	30	0	0	0.588381171226501	0.411671429872513
analcatdata_aids	5	/AlgorithmScripts/Classification/tsv/mlr/mlp	32	0	1	0.314320683479309	0.68593966960907
analcatdata_aids	5	/AlgorithmScripts/Classification/tsv/mlr/mlp	37	0	0	0.517923533916473	0.4821957051754
analcatdata_aids	5	/AlgorithmScripts/Classification/tsv/mlr/mlp	39	0	0	0.598881244659424	0.401166975498199
analcatdata_aids	5	/AlgorithmScripts/Classification/tsv/mlr/mlp	41	0	0	0.613468289375305	0.386577308177948
analcatdata_aids	5	/AlgorithmScripts/Classification/tsv/mlr/mlp	49	0	0	0.614664018154144	0.385381519794464
analcatdata_aids	5	/AlgorithmScripts/Classification/tsv/mlr/mlp	7	1	1	0.0911937952041626	0.907534897327423
analcatdata_aids	5	/AlgorithmScripts/Classification/tsv/mlr/mlp	8	1	1	0.205072999000549	0.794874250888824
analcatdata_aids	5	/AlgorithmScripts/Classification/tsv/mlr/mlp	9	1	1	0.416737884283066	0.583506405353546
analcatdata_aids	5	/AlgorithmScripts/Classification/tsv/mlr/xgboost	1	1	1	0.350714266300201	0.649285733699799
analcatdata_aids	5	/AlgorithmScripts/Classification/tsv/mlr/xgboost	10	1	0	0.530527174472809	0.469472825527191
analcatdata_aids	5	/AlgorithmScripts/Classification/tsv/mlr/xgboost	12	1	1	0.350714266300201	0.649285733699799
analcatdata_aids	5	/AlgorithmScripts/Classification/tsv/mlr/xgboost	14	1	0	0.649285703897476	0.350714296102524
analcatdata_aids	5	/AlgorithmScripts/Classification/tsv/mlr/xgboost	17	1	1	0.332079827785492	0.667920172214508
analcatdata_aids	5	/AlgorithmScripts/Classification/tsv/mlr/xgboost	24	1	0	0.659626513719559	0.340373486280441
analcatdata_aids	5	/AlgorithmScripts/Classification/tsv/mlr/xgboost	25	0	0	0.530527174472809	0.469472825527191
analcatdata_aids	5	/AlgorithmScripts/Classification/tsv/mlr/xgboost	26	0	0	0.530527174472809	0.469472825527191
analcatdata_aids	5	/AlgorithmScripts/Classification/tsv/mlr/xgboost	29	0	0	0.649285703897476	0.350714296102524
analcatdata_aids	5	/AlgorithmScripts/Classification/tsv/mlr/xgboost	30	0	0	0.530527174472809	0.469472825527191
analcatdata_aids	5	/AlgorithmScripts/Classification/tsv/mlr/xgboost	32	0	1	0.350714266300201	0.649285733699799
analcatdata_aids	5	/AlgorithmScripts/Classification/tsv/mlr/xgboost	37	0	0	0.649285703897476	0.350714296102524
analcatdata_aids	5	/AlgorithmScripts/Classification/tsv/mlr/xgboost	39	0	0	0.649285703897476	0.350714296102524
analcatdata_aids	5	/AlgorithmScripts/Classification/tsv/mlr/xgboost	41	0	0	0.659626513719559	0.340373486280441
analcatdata_aids	5	/AlgorithmScripts/Classification/tsv/mlr/xgboost	49	0	0	0.659626513719559	0.340373486280441
analcatdata_aids	5	/AlgorithmScripts/Classification/tsv/mlr/xgboost	7	1	1	0.350714266300201	0.649285733699799
analcatdata_aids	5	/AlgorithmScripts/Classification/tsv/mlr/xgboost	8	1	1	0.350714266300201	0.649285733699799
analcatdata_aids	5	/AlgorithmScripts/Classification/tsv/mlr/xgboost	9	1	0	0.649285703897476	0.350714296102524
analcatdata_aids	5	/AlgorithmScripts/Classification/tsv/sklearn/decision_tree	1	1	1	0.000000000	1.000000000
analcatdata_aids	5	/AlgorithmScripts/Classification/tsv/sklearn/decision_tree	10	1	0	1.000000000	0.000000000
analcatdata_aids	5	/AlgorithmScripts/Classification/tsv/sklearn/decision_tree	12	1	1	0.000000000	1.000000000
analcatdata_aids	5	/AlgorithmScripts/Classification/tsv/sklearn/decision_tree	14	1	0	1.000000000	0.000000000
analcatdata_aids	5	/AlgorithmScripts/Classification/tsv/sklearn/decision_tree	17	1	1	0.000000000	1.000000000
analcatdata_aids	5	/AlgorithmScripts/Classification/tsv/sklearn/decision_tree	24	1	0	1.000000000	0.000000000
analcatdata_aids	5	/AlgorithmScripts/Classification/tsv/sklearn/decision_tree	25	0	1	0.000000000	1.000000000
analcatdata_aids	5	/AlgorithmScripts/Classification/tsv/sklearn/decision_tree	26	0	0	1.000000000	0.000000000
analcatdata_aids	5	/AlgorithmScripts/Classification/tsv/sklearn/decision_tree	29	0	0	1.000000000	0.000000000
analcatdata_aids	5	/AlgorithmScripts/Classification/tsv/sklearn/decision_tree	30	0	1	0.000000000	1.000000000
analcatdata_aids	5	/AlgorithmScripts/Classification/tsv/sklearn/decision_tree	32	0	1	0.000000000	1.000000000
analcatdata_aids	5	/AlgorithmScripts/Classification/tsv/sklearn/decision_tree	37	0	0	1.000000000	0.000000000
analcatdata_aids	5	/AlgorithmScripts/Classification/tsv/sklearn/decision_tree	39	0	0	1.000000000	0.000000000
analcatdata_aids	5	/AlgorithmScripts/Classification/tsv/sklearn/decision_tree	41	0	0	1.000000000	0.000000000
analcatdata_aids	5	/AlgorithmScripts/Classification/tsv/sklearn/decision_tree	49	0	0	1.000000000	0.000000000
analcatdata_aids	5	/AlgorithmScripts/Classification/tsv/sklearn/decision_tree	7	1	1	0.000000000	1.000000000
analcatdata_aids	5	/AlgorithmScripts/Classification/tsv/sklearn/decision_tree	8	1	1	0.000000000	1.000000000
analcatdata_aids	5	/AlgorithmScripts/Classification/tsv/sklearn/decision_tree	9	1	0	1.000000000	0.000000000
analcatdata_aids	5	/AlgorithmScripts/Classification/tsv/sklearn/logistic_regression	1	1	1	0.021698619	0.978301381
analcatdata_aids	5	/AlgorithmScripts/Classification/tsv/sklearn/logistic_regression	10	1	0	0.569083265	0.430916735
analcatdata_aids	5	/AlgorithmScripts/Classification/tsv/sklearn/logistic_regression	12	1	1	0.157162018	0.842837982
analcatdata_aids	5	/AlgorithmScripts/Classification/tsv/sklearn/logistic_regression	14	1	0	0.506810856	0.493189144
analcatdata_aids	5	/AlgorithmScripts/Classification/tsv/sklearn/logistic_regression	17	1	0	0.572813912	0.427186088
analcatdata_aids	5	/AlgorithmScripts/Classification/tsv/sklearn/logistic_regression	24	1	0	0.593329440	0.406670560
analcatdata_aids	5	/AlgorithmScripts/Classification/tsv/sklearn/logistic_regression	25	0	0	0.585224241	0.414775759
analcatdata_aids	5	/AlgorithmScripts/Classification/tsv/sklearn/logistic_regression	26	0	0	0.504651764	0.495348236
analcatdata_aids	5	/AlgorithmScripts/Classification/tsv/sklearn/logistic_regression	29	0	0	0.561132392	0.438867608
analcatdata_aids	5	/AlgorithmScripts/Classification/tsv/sklearn/logistic_regression	30	0	0	0.566722013	0.433277987
analcatdata_aids	5	/AlgorithmScripts/Classification/tsv/sklearn/logistic_regression	32	0	1	0.308070751	0.691929249
analcatdata_aids	5	/AlgorithmScripts/Classification/tsv/sklearn/logistic_regression	37	0	1	0.497738114	0.502261886
analcatdata_aids	5	/AlgorithmScripts/Classification/tsv/sklearn/logistic_regression	39	0	0	0.577479416	0.422520584
analcatdata_aids	5	/AlgorithmScripts/Classification/tsv/sklearn/logistic_regression	41	0	0	0.592689413	0.407310587
analcatdata_aids	5	/AlgorithmScripts/Classification/tsv/sklearn/logistic_regression	49	0	0	0.593950876	0.406049124
analcatdata_aids	5	/AlgorithmScripts/Classification/tsv/sklearn/logistic_regression	7	1	1	0.028152469	0.971847531
analcatdata_aids	5	/AlgorithmScripts/Classification/tsv/sklearn/logistic_regression	8	1	1	0.193229426	0.806770574
analcatdata_aids	5	/AlgorithmScripts/Classification/tsv/sklearn/logistic_regression	9	1	1	0.403934396	0.596065604
analcatdata_aids	5	/AlgorithmScripts/Classification/tsv/sklearn/svm	1	1	0	0.761904580	0.238095420
analcatdata_aids	5	/AlgorithmScripts/Classification/tsv/sklearn/svm	10	1	1	0.489739777	0.510260223
analcatdata_aids	5	/AlgorithmScripts/Classification/tsv/sklearn/svm	12	1	1	0.284935231	0.715064769
analcatdata_aids	5	/AlgorithmScripts/Classification/tsv/sklearn/svm	14	1	1	0.206272443	0.793727557
analcatdata_aids	5	/AlgorithmScripts/Classification/tsv/sklearn/svm	17	1	1	0.386012478	0.613987522
analcatdata_aids	5	/AlgorithmScripts/Classification/tsv/sklearn/svm	24	1	1	0.323724075	0.676275925
analcatdata_aids	5	/AlgorithmScripts/Classification/tsv/sklearn/svm	25	0	0	0.761863099	0.238136901
analcatdata_aids	5	/AlgorithmScripts/Classification/tsv/sklearn/svm	26	0	0	0.747644515	0.252355485
analcatdata_aids	5	/AlgorithmScripts/Classification/tsv/sklearn/svm	29	0	0	0.767296088	0.232703912
analcatdata_aids	5	/AlgorithmScripts/Classification/tsv/sklearn/svm	30	0	1	0.488909734	0.511090266
analcatdata_aids	5	/AlgorithmScripts/Classification/tsv/sklearn/svm	32	0	1	0.271077872	0.728922128
analcatdata_aids	5	/AlgorithmScripts/Classification/tsv/sklearn/svm	37	0	1	0.282874545	0.717125455
analcatdata_aids	5	/AlgorithmScripts/Classification/tsv/sklearn/svm	39	0	1	0.204521096	0.795478904
analcatdata_aids	5	/AlgorithmScripts/Classification/tsv/sklearn/svm	41	0	1	0.476442078	0.523557922
analcatdata_aids	5	/AlgorithmScripts/Classification/tsv/sklearn/svm	49	0	1	0.322894895	0.677105105
analcatdata_aids	5	/AlgorithmScripts/Classification/tsv/sklearn/svm	7	1	1	0.270719263	0.729280737
analcatdata_aids	5	/AlgorithmScripts/Classification/tsv/sklearn/svm	8	1	1	0.214027786	0.785972214
analcatdata_aids	5	/AlgorithmScripts/Classification/tsv/sklearn/svm	9	1	1	0.208662618	0.791337382
